report_type,model_version,horizon,label,n,avg_future_excess_return,median_future_excess_return,hit_rate_pct,avg_max_drawdown_after,component,pearson_ic,spearman_ic,spearman_ic_recent,n_recent,suggested_note,decile,n_days,avg_names_per_day,aggregation,top_decile_avg_excess,bottom_decile_avg_excess,spread_avg,spread_median,spread_std_daily,pct_days_spread_positive,spread_t_stat_overlap_adj,decile_count,min_names_per_day,days_considered,days_skipped_degenerate_ties,sample_adequate,selection,n_names_target,avg_excess_vs_universe,pct_days_positive
bucket,v0.5_expanded_universe,5d,decent,82931.0,0.00023598404765123247,-0.0009391754731841173,48.6271719863501,,,,,,,,,,,,,,,,,,,,,,,,,,,
bucket,v0.5_expanded_universe,5d,strong,2244.0,-0.0011571731782360065,-0.0014436906233532554,48.3065953654189,,,,,,,,,,,,,,,,,,,,,,,,,,,
bucket,v0.5_expanded_universe,5d,watchlist,157552.0,-0.00047331031455430915,-0.0013288866138073674,48.20313293388849,,,,,,,,,,,,,,,,,,,,,,,,,,,
bucket,v0.5_expanded_universe,5d,weak,248939.0,0.0008138113867277888,-0.0002648967246454692,49.69651199691491,,,,,,,,,,,,,,,,,,,,,,,,,,,
bucket,v0.5_expanded_universe,20d,decent,113304.0,0.0013677272479099137,-0.004824072069114171,47.11219374426322,8.416136672965301,,,,,,,,,,,,,,,,,,,,,,,,,,
bucket,v0.5_expanded_universe,20d,strong,6078.0,0.003813874195848982,-0.0015199814368216935,47.97630799605133,8.127307954853487,,,,,,,,,,,,,,,,,,,,,,,,,,
bucket,v0.5_expanded_universe,20d,watchlist,127546.0,0.0018987217268478952,-0.003891824292159618,47.722390353284304,8.328149789020971,,,,,,,,,,,,,,,,,,,,,,,,,,
bucket,v0.5_expanded_universe,20d,weak,221945.0,0.0009845440716899532,-0.0038817451542894066,47.90105656806867,8.92028671866549,,,,,,,,,,,,,,,,,,,,,,,,,,
bucket,v0.5_expanded_universe,60d,decent,102020.0,0.00818751676562241,-0.011474948025601062,46.29680454812782,15.444937134944007,,,,,,,,,,,,,,,,,,,,,,,,,,
bucket,v0.5_expanded_universe,60d,strong,7076.0,0.02377623729324804,-0.005293917271473325,48.47371396269079,15.242426388920022,,,,,,,,,,,,,,,,,,,,,,,,,,
bucket,v0.5_expanded_universe,60d,watchlist,105016.0,0.006062981499277495,-0.011332859690847186,46.29294583682487,14.599474285914681,,,,,,,,,,,,,,,,,,,,,,,,,,
bucket,v0.5_expanded_universe,60d,weak,194153.0,-0.001867866451196849,-0.01836837470959929,44.95320700684512,16.045926699079807,,,,,,,,,,,,,,,,,,,,,,,,,,
bucket,v0.5_expanded_universe,120d,decent,83730.0,0.03356410226491812,-0.008923935673042172,47.97683028782993,,,,,,,,,,,,,,,,,,,,,,,,,,,
bucket,v0.5_expanded_universe,120d,strong,7010.0,0.08161234373366419,-0.0005320818780856218,49.55777460770328,,,,,,,,,,,,,,,,,,,,,,,,,,,
bucket,v0.5_expanded_universe,120d,watchlist,77748.0,0.008029323990750051,-0.02261271217812144,45.00308689612594,,,,,,,,,,,,,,,,,,,,,,,,,,,
bucket,v0.5_expanded_universe,120d,weak,148773.0,-0.016382770078814956,-0.0496390106074418,40.68144085284292,,,,,,,,,,,,,,,,,,,,,,,,,,,
component_correlation,v0.5_expanded_universe,5d,,491666.0,,,,,trend_component,-0.0028278396854256966,-0.003906839758547427,-0.002930979681631044,16658.0,trend_component IC=-0.00 is weak — its 15% weight in score_5d doesn't look clearly mis-sized,,,,,,,,,,,,,,,,,,,,
component_correlation,v0.5_expanded_universe,5d,,763940.0,,,,,short_momentum_component,-0.00640475223636291,-0.010722069023362816,-0.04596873047278571,16729.0,short_momentum_component IC=-0.01 is weak — its 15% weight in score_5d doesn't look clearly mis-sized,,,,,,,,,,,,,,,,,,,,
component_correlation,v0.5_expanded_universe,5d,,702981.0,,,,,momentum_component_20d,-0.0017765529264769677,-0.006001817405152627,-0.07685485429172302,16690.0,,,,,,,,,,,,,,,,,,,,,
component_correlation,v0.5_expanded_universe,5d,,611723.0,,,,,medium_momentum_component,-0.00124225514437957,-0.0023812864847307224,-0.04106851071758346,16669.0,,,,,,,,,,,,,,,,,,,,,
component_correlation,v0.5_expanded_universe,5d,,611723.0,,,,,long_momentum_component,-0.0007655990878842324,0.0007647013347392323,0.07054598312353554,16669.0,,,,,,,,,,,,,,,,,,,,,
component_correlation,v0.5_expanded_universe,5d,,763940.0,,,,,relative_strength_component_5d,-0.0080142550388665,-0.012701258859494823,-0.042889206169949734,16729.0,relative_strength_component_5d IC=-0.01 is weak — its 15% weight in score_5d doesn't look clearly mis-sized,,,,,,,,,,,,,,,,,,,,
component_correlation,v0.5_expanded_universe,5d,,702981.0,,,,,relative_strength_component_20d,-0.0012207761324221414,-0.004217191824785548,-0.08312539361090522,16690.0,,,,,,,,,,,,,,,,,,,,,
component_correlation,v0.5_expanded_universe,5d,,611723.0,,,,,relative_strength_component_60d,-0.0024867095192275023,-0.00228541275555444,-0.04179080879417165,16669.0,,,,,,,,,,,,,,,,,,,,,
component_correlation,v0.5_expanded_universe,5d,,611723.0,,,,,relative_strength_component_120d,-0.0004830596236456812,-2.7250009786132752e-05,0.024760476486855892,16669.0,,,,,,,,,,,,,,,,,,,,,
component_correlation,v0.5_expanded_universe,5d,,765466.0,,,,,volume_behavior_component,-0.0011508423636004158,-0.002682046357404699,-0.009159190137897311,16731.0,volume_behavior_component IC=-0.00 is weak — its 5% weight in score_5d doesn't look clearly mis-sized,,,,,,,,,,,,,,,,,,,,
component_correlation,v0.5_expanded_universe,5d,,702981.0,,,,,risk_component,-0.03219768637183755,-0.018277521524858932,-0.0007375129107082168,16690.0,risk_component IC=-0.02 is weak — its 10% weight in score_5d doesn't look clearly mis-sized,,,,,,,,,,,,,,,,,,,,
component_correlation,v0.5_expanded_universe,5d,,704503.0,,,,,setup_component,-0.013259525223105868,-0.012660967491506591,-0.03534024752028105,16691.0,,,,,,,,,,,,,,,,,,,,,
component_correlation,v0.5_expanded_universe,5d,,494386.0,,,,,market_regime_component,-0.0026256766430309384,-0.00714946916039519,0.028312905397441235,16735.0,,,,,,,,,,,,,,,,,,,,,
component_correlation,v0.5_expanded_universe,5d,,766778.0,,,,,value_component,0.015514092278478052,0.012512659488835412,0.09859298226583801,15063.0,value_component IC=0.01 is weak — its 15% weight in score_5d doesn't look clearly mis-sized,,,,,,,,,,,,,,,,,,,,
component_correlation,v0.5_expanded_universe,5d,,772155.0,,,,,quality_component,-0.014838499594539421,-0.008565556246409964,-0.03584242831393462,15053.0,quality_component IC=-0.01 is weak — its 15% weight in score_5d doesn't look clearly mis-sized,,,,,,,,,,,,,,,,,,,,
component_correlation,v0.5_expanded_universe,5d,,14950.0,,,,,short_interest_component,0.036478629105993504,0.06093829920602633,0.06093829920602633,14950.0,short_interest_component IC=0.06 is weak — its 10% weight in score_5d doesn't look clearly mis-sized,,,,,,,,,,,,,,,,,,,,
component_correlation,v0.5_expanded_universe,20d,,468873.0,,,,,trend_component,0.0046639171216605645,0.0025133962698014665,,0.0,trend_component IC=0.00 is weak — its 18% weight in score_20d doesn't look clearly mis-sized,,,,,,,,,,,,,,,,,,,,
component_correlation,v0.5_expanded_universe,20d,,741056.0,,,,,short_momentum_component,0.004925402293469763,-0.0024057817855677624,,0.0,,,,,,,,,,,,,,,,,,,,,
component_correlation,v0.5_expanded_universe,20d,,680148.0,,,,,momentum_component_20d,0.004425526823860946,-0.003064577902944462,,0.0,momentum_component_20d IC=-0.00 is weak — its 15% weight in score_20d doesn't look clearly mis-sized,,,,,,,,,,,,,,,,,,,,
component_correlation,v0.5_expanded_universe,20d,,588915.0,,,,,medium_momentum_component,0.002499257810579484,-0.0073064246669732,,0.0,,,,,,,,,,,,,,,,,,,,,
component_correlation,v0.5_expanded_universe,20d,,588915.0,,,,,long_momentum_component,0.002513295297036702,-0.0058933202051208895,,0.0,,,,,,,,,,,,,,,,,,,,,
component_correlation,v0.5_expanded_universe,20d,,741056.0,,,,,relative_strength_component_5d,0.004483148475570625,-0.0009468990070527259,,0.0,,,,,,,,,,,,,,,,,,,,,
component_correlation,v0.5_expanded_universe,20d,,680148.0,,,,,relative_strength_component_20d,0.004139441400748659,-0.003937647837723932,,0.0,relative_strength_component_20d IC=-0.00 is weak — its 15% weight in score_20d doesn't look clearly mis-sized,,,,,,,,,,,,,,,,,,,,
component_correlation,v0.5_expanded_universe,20d,,588915.0,,,,,relative_strength_component_60d,-0.0018264218468106613,-0.010288455433903316,,0.0,,,,,,,,,,,,,,,,,,,,,
component_correlation,v0.5_expanded_universe,20d,,588915.0,,,,,relative_strength_component_120d,0.0021394676417920712,-0.005540195131650235,,0.0,,,,,,,,,,,,,,,,,,,,,
component_correlation,v0.5_expanded_universe,20d,,742580.0,,,,,volume_behavior_component,0.005638850617987041,0.006593728708277603,,0.0,,,,,,,,,,,,,,,,,,,,,
component_correlation,v0.5_expanded_universe,20d,,680148.0,,,,,risk_component,-0.062141175420855885,-0.03448531442355439,,0.0,risk_component IC=-0.03 is weak — its 10% weight in score_20d doesn't look clearly mis-sized,,,,,,,,,,,,,,,,,,,,
component_correlation,v0.5_expanded_universe,20d,,681669.0,,,,,setup_component,-0.013765405767291206,-0.007904856208891798,,0.0,,,,,,,,,,,,,,,,,,,,,
component_correlation,v0.5_expanded_universe,20d,,471488.0,,,,,market_regime_component,-0.005992012621147825,-0.0071155768923691996,,0.0,market_regime_component IC=-0.01 is weak — its 5% weight in score_20d doesn't look clearly mis-sized,,,,,,,,,,,,,,,,,,,,
component_correlation,v0.5_expanded_universe,20d,,745738.0,,,,,value_component,0.028019372520521495,0.02317910188521068,,0.0,value_component IC=0.02 is weak — its 15% weight in score_20d doesn't look clearly mis-sized,,,,,,,,,,,,,,,,,,,,
component_correlation,v0.5_expanded_universe,20d,,751065.0,,,,,quality_component,-0.027500674025723253,-0.017348220087673373,,0.0,quality_component IC=-0.02 is weak — its 15% weight in score_20d doesn't look clearly mis-sized,,,,,,,,,,,,,,,,,,,,
component_correlation,v0.5_expanded_universe,60d,,408265.0,,,,,trend_component,0.02622732357510785,0.028588129539918173,,0.0,trend_component IC=0.03 is weak — its 20% weight in score_60d doesn't look clearly mis-sized,,,,,,,,,,,,,,,,,,,,
component_correlation,v0.5_expanded_universe,60d,,680227.0,,,,,short_momentum_component,0.009116626311683092,0.0005279356520135352,,0.0,,,,,,,,,,,,,,,,,,,,,
component_correlation,v0.5_expanded_universe,60d,,619394.0,,,,,momentum_component_20d,0.0034568552858443083,-0.006921068967264706,,0.0,,,,,,,,,,,,,,,,,,,,,
component_correlation,v0.5_expanded_universe,60d,,528194.0,,,,,medium_momentum_component,0.0144629346179852,-8.777987131996528e-05,,0.0,medium_momentum_component IC=-0.00 is weak — its 15% weight in score_60d doesn't look clearly mis-sized,,,,,,,,,,,,,,,,,,,,
component_correlation,v0.5_expanded_universe,60d,,528194.0,,,,,long_momentum_component,0.028200378500742463,0.01918262242259106,,0.0,,,,,,,,,,,,,,,,,,,,,
component_correlation,v0.5_expanded_universe,60d,,680227.0,,,,,relative_strength_component_5d,0.007853388297168359,0.001681494897096722,,0.0,,,,,,,,,,,,,,,,,,,,,
component_correlation,v0.5_expanded_universe,60d,,619394.0,,,,,relative_strength_component_20d,0.0037313886839572324,-0.009937512651343293,,0.0,,,,,,,,,,,,,,,,,,,,,
component_correlation,v0.5_expanded_universe,60d,,528194.0,,,,,relative_strength_component_60d,0.017587798569757025,0.0035431466610466055,,0.0,relative_strength_component_60d IC=0.00 is weak — its 18% weight in score_60d doesn't look clearly mis-sized,,,,,,,,,,,,,,,,,,,,
component_correlation,v0.5_expanded_universe,60d,,528194.0,,,,,relative_strength_component_120d,0.026314341575537744,0.015687596197592992,,0.0,,,,,,,,,,,,,,,,,,,,,
component_correlation,v0.5_expanded_universe,60d,,681748.0,,,,,volume_behavior_component,0.003563736166753973,0.0013209462426708133,,0.0,,,,,,,,,,,,,,,,,,,,,
component_correlation,v0.5_expanded_universe,60d,,619394.0,,,,,risk_component,-0.09594763369997666,-0.039921166820968614,,0.0,risk_component IC=-0.04 is weak — its 8% weight in score_60d doesn't look clearly mis-sized,,,,,,,,,,,,,,,,,,,,
component_correlation,v0.5_expanded_universe,60d,,620914.0,,,,,setup_component,-0.02148890746818653,-0.010226008499814051,,0.0,,,,,,,,,,,,,,,,,,,,,
component_correlation,v0.5_expanded_universe,60d,,410591.0,,,,,market_regime_component,-0.00563862523006382,-0.010340749873658907,,0.0,market_regime_component IC=-0.01 is weak — its 2% weight in score_60d doesn't look clearly mis-sized,,,,,,,,,,,,,,,,,,,,
component_correlation,v0.5_expanded_universe,60d,,686814.0,,,,,value_component,0.04564655282568806,0.04126159963547204,,0.0,value_component IC=0.04 is weak — its 17% weight in score_60d doesn't look clearly mis-sized,,,,,,,,,,,,,,,,,,,,
component_correlation,v0.5_expanded_universe,60d,,691553.0,,,,,quality_component,-0.049257169921627354,-0.03196156077149965,,0.0,quality_component IC=-0.03 is weak — its 15% weight in score_60d doesn't look clearly mis-sized,,,,,,,,,,,,,,,,,,,,
component_correlation,v0.5_expanded_universe,120d,,317261.0,,,,,trend_component,0.06717111550136873,0.08512377091401233,,0.0,trend_component IC=0.09 is weak — its 22% weight in score_120d doesn't look clearly mis-sized,,,,,,,,,,,,,,,,,,,,
component_correlation,v0.5_expanded_universe,120d,,588994.0,,,,,short_momentum_component,0.024733445277073263,0.015462663569685876,,0.0,,,,,,,,,,,,,,,,,,,,,
component_correlation,v0.5_expanded_universe,120d,,528194.0,,,,,momentum_component_20d,0.03557579110062937,0.02688823322159523,,0.0,,,,,,,,,,,,,,,,,,,,,
component_correlation,v0.5_expanded_universe,120d,,437088.0,,,,,medium_momentum_component,0.054323260408311445,0.048810943700921025,,0.0,,,,,,,,,,,,,,,,,,,,,
component_correlation,v0.5_expanded_universe,120d,,437088.0,,,,,long_momentum_component,0.051780138702566335,0.05205540732664723,,0.0,long_momentum_component IC=0.05 is weak — its 15% weight in score_120d doesn't look clearly mis-sized,,,,,,,,,,,,,,,,,,,,
component_correlation,v0.5_expanded_universe,120d,,588994.0,,,,,relative_strength_component_5d,0.02329926141360185,0.016176974419938248,,0.0,,,,,,,,,,,,,,,,,,,,,
component_correlation,v0.5_expanded_universe,120d,,528194.0,,,,,relative_strength_component_20d,0.04248364303926664,0.032202455452790685,,0.0,,,,,,,,,,,,,,,,,,,,,
component_correlation,v0.5_expanded_universe,120d,,437088.0,,,,,relative_strength_component_60d,0.051048457391243314,0.0451354001019177,,0.0,,,,,,,,,,,,,,,,,,,,,
component_correlation,v0.5_expanded_universe,120d,,437088.0,,,,,relative_strength_component_120d,0.052275237750735,0.049519079769813464,,0.0,relative_strength_component_120d IC=0.05 is weak — its 18% weight in score_120d doesn't look clearly mis-sized,,,,,,,,,,,,,,,,,,,,
component_correlation,v0.5_expanded_universe,120d,,590514.0,,,,,volume_behavior_component,0.010547055135757488,0.008301271997615566,,0.0,,,,,,,,,,,,,,,,,,,,,
component_correlation,v0.5_expanded_universe,120d,,528194.0,,,,,risk_component,-0.11880043819652647,-0.039126795918643854,,0.0,risk_component IC=-0.04 is weak — its 8% weight in score_120d doesn't look clearly mis-sized,,,,,,,,,,,,,,,,,,,,
component_correlation,v0.5_expanded_universe,120d,,529714.0,,,,,setup_component,-0.008643931637277742,0.011027177204103268,,0.0,,,,,,,,,,,,,,,,,,,,,
component_correlation,v0.5_expanded_universe,120d,,319321.0,,,,,market_regime_component,5.1305671891868995e-06,-0.013515247702894709,,0.0,market_regime_component IC=-0.01 is weak — its 2% weight in score_120d doesn't look clearly mis-sized,,,,,,,,,,,,,,,,,,,,
component_correlation,v0.5_expanded_universe,120d,,598354.0,,,,,value_component,0.06442918805798467,0.06289504167703393,,0.0,value_component IC=0.06 is weak — its 15% weight in score_120d doesn't look clearly mis-sized,,,,,,,,,,,,,,,,,,,,
component_correlation,v0.5_expanded_universe,120d,,602243.0,,,,,quality_component,-0.06085472057361548,-0.04430139707150121,,0.0,quality_component IC=-0.04 is weak — its 15% weight in score_120d doesn't look clearly mis-sized,,,,,,,,,,,,,,,,,,,,
decile,v0.5_expanded_universe,5d,,,8.492025117392265e-05,-0.0008808309023917895,48.64220307023131,,,,,,,,1.0,352.0,138.7,equal_weight_per_day,,,,,,,,,,,,,,,,
decile,v0.5_expanded_universe,5d,,,-0.0006159617823279194,-0.0013238427315332324,48.12317919274272,,,,,,,,2.0,352.0,139.4,equal_weight_per_day,,,,,,,,,,,,,,,,
decile,v0.5_expanded_universe,5d,,,-0.0008675744423509561,-0.0014782233220350855,47.794766408467574,,,,,,,,3.0,352.0,139.1,equal_weight_per_day,,,,,,,,,,,,,,,,
decile,v0.5_expanded_universe,5d,,,-0.00023919009081222904,-0.0009440114330369735,48.28703798510718,,,,,,,,4.0,352.0,139.3,equal_weight_per_day,,,,,,,,,,,,,,,,
decile,v0.5_expanded_universe,5d,,,0.00015598104465664505,-0.0005044869921658192,48.95751349350853,,,,,,,,5.0,352.0,139.5,equal_weight_per_day,,,,,,,,,,,,,,,,
decile,v0.5_expanded_universe,5d,,,0.0003105535449152292,-0.00015217056581842312,49.49769782376884,,,,,,,,6.0,352.0,139.0,equal_weight_per_day,,,,,,,,,,,,,,,,
decile,v0.5_expanded_universe,5d,,,0.0009182468066857554,0.00018274958563784682,50.054765460895915,,,,,,,,7.0,352.0,139.3,equal_weight_per_day,,,,,,,,,,,,,,,,
decile,v0.5_expanded_universe,5d,,,0.0010545169535939585,0.0004013147036101307,50.09363604707221,,,,,,,,8.0,352.0,139.1,equal_weight_per_day,,,,,,,,,,,,,,,,
decile,v0.5_expanded_universe,5d,,,0.0014027932502642104,0.0004189816430481429,50.30802498955818,,,,,,,,9.0,352.0,139.4,equal_weight_per_day,,,,,,,,,,,,,,,,
decile,v0.5_expanded_universe,5d,,,0.002149734450841143,0.00024442684754683123,49.99773436965204,,,,,,,,10.0,352.0,139.7,equal_weight_per_day,,,,,,,,,,,,,,,,
decile_spread,v0.5_expanded_universe,5d,,,,,,,,,,,,,,352.0,,,8.492025117392265e-05,0.002149734450841143,-0.0020648141996672206,-0.001087075783621918,0.0248197523372095,47.72727272727273,-0.6980232108736119,10.0,30.0,352.0,0.0,True,,,,
selection,v0.5_expanded_universe,5d,,,0.0005541911649266676,0.0003629608453669462,50.2840909090909,,,,,,,,,352.0,3.0,,,,,,,,,,,,,True,top_3,3.0,0.00011216867232013099,51.13636363636363
selection,v0.5_expanded_universe,5d,,,-0.0023124956936662676,-0.0027617850304888477,47.21590909090909,,,,,,,,,352.0,10.0,,,,,,,,,,,,,True,top_10,10.0,-0.002754518186272804,44.034090909090914
selection,v0.5_expanded_universe,5d,,,-0.000524018645248267,-0.0008814399477487689,48.89772727272727,,,,,,,,,352.0,25.0,,,,,,,,,,,,,True,top_25,25.0,-0.0009660411378548045,47.159090909090914
decile,v0.5_expanded_universe,20d,,,0.001138281044732389,-0.005552096617632929,46.79879387324219,,,,,,,,1.0,338.0,138.2,equal_weight_per_day,,,,,,,,,,,,,,,,
decile,v0.5_expanded_universe,20d,,,0.0008993402168623311,-0.005930070036317949,46.34291265404094,,,,,,,,2.0,338.0,138.9,equal_weight_per_day,,,,,,,,,,,,,,,,
decile,v0.5_expanded_universe,20d,,,0.0006563053355528639,-0.0051903623463122415,46.704570017867184,,,,,,,,3.0,338.0,138.5,equal_weight_per_day,,,,,,,,,,,,,,,,
decile,v0.5_expanded_universe,20d,,,0.0027687000250705314,-0.002754369699252792,47.88441216292332,,,,,,,,4.0,338.0,138.9,equal_weight_per_day,,,,,,,,,,,,,,,,
decile,v0.5_expanded_universe,20d,,,0.0036172467586802278,-0.0015753557401781758,48.69548195795942,,,,,,,,5.0,338.0,138.9,equal_weight_per_day,,,,,,,,,,,,,,,,
decile,v0.5_expanded_universe,20d,,,0.0019116426396535418,-0.0025629385509455824,48.08152401740731,,,,,,,,6.0,338.0,138.5,equal_weight_per_day,,,,,,,,,,,,,,,,
decile,v0.5_expanded_universe,20d,,,0.0006789317760982642,-0.0027345788888998267,48.156361828035934,,,,,,,,7.0,338.0,138.9,equal_weight_per_day,,,,,,,,,,,,,,,,
decile,v0.5_expanded_universe,20d,,,0.002355521339911479,-0.0015135029037783828,48.594025172339606,,,,,,,,8.0,338.0,138.5,equal_weight_per_day,,,,,,,,,,,,,,,,
decile,v0.5_expanded_universe,20d,,,0.00236039761507842,-0.0020367052501664836,48.659595714801924,,,,,,,,9.0,338.0,138.9,equal_weight_per_day,,,,,,,,,,,,,,,,
decile,v0.5_expanded_universe,20d,,,0.0025750120011121627,-0.005557120925567321,48.24155558809129,,,,,,,,10.0,338.0,139.2,equal_weight_per_day,,,,,,,,,,,,,,,,
decile_spread,v0.5_expanded_universe,20d,,,,,,,,,,,,,,338.0,,,0.001138281044732389,0.0025750120011121627,-0.0014367309563797733,-0.0007987721456487355,0.05311833676960684,49.40828402366864,-0.11119220269941175,10.0,30.0,338.0,0.0,True,,,,
selection,v0.5_expanded_universe,20d,,,0.0012157227498760664,0.002595107366845451,51.08481262327415,,,,,,,,,338.0,3.0,,,,,,,,,,,,,True,top_3,3.0,-0.0006998324664809227,54.142011834319526
selection,v0.5_expanded_universe,20d,,,-0.0013312219322303045,-0.0036395527862732296,47.751479289940825,,,,,,,,,338.0,10.0,,,,,,,,,,,,,True,top_10,10.0,-0.0032467771485872932,48.81656804733728
selection,v0.5_expanded_universe,20d,,,-0.00033352987504479866,-0.005572904348471158,46.11834319526627,,,,,,,,,338.0,25.0,,,,,,,,,,,,,True,top_25,25.0,-0.002249085091401788,52.662721893491124
decile,v0.5_expanded_universe,60d,,,0.006632146268223413,-0.014888329969049182,45.24751775460173,,,,,,,,1.0,298.0,136.5,equal_weight_per_day,,,,,,,,,,,,,,,,
decile,v0.5_expanded_universe,60d,,,0.006506013044790483,-0.012647638881550896,45.475326893620924,,,,,,,,2.0,298.0,137.1,equal_weight_per_day,,,,,,,,,,,,,,,,
decile,v0.5_expanded_universe,60d,,,0.007111719184341362,-0.011114605621275217,46.03247833656905,,,,,,,,3.0,298.0,136.7,equal_weight_per_day,,,,,,,,,,,,,,,,
decile,v0.5_expanded_universe,60d,,,0.008048361850747872,-0.008371684841180555,46.92172530075749,,,,,,,,4.0,298.0,137.2,equal_weight_per_day,,,,,,,,,,,,,,,,
decile,v0.5_expanded_universe,60d,,,0.00776138050719693,-0.009065446352905676,46.966680628342,,,,,,,,5.0,298.0,137.2,equal_weight_per_day,,,,,,,,,,,,,,,,
decile,v0.5_expanded_universe,60d,,,0.008613410722294955,-0.007590878692629157,47.72166118834639,,,,,,,,6.0,298.0,136.7,equal_weight_per_day,,,,,,,,,,,,,,,,
decile,v0.5_expanded_universe,60d,,,0.004697245701724456,-0.009402016439452082,46.8472596338797,,,,,,,,7.0,298.0,137.2,equal_weight_per_day,,,,,,,,,,,,,,,,
decile,v0.5_expanded_universe,60d,,,0.0029232732599900973,-0.01334858592073751,45.95276097723455,,,,,,,,8.0,298.0,136.7,equal_weight_per_day,,,,,,,,,,,,,,,,
decile,v0.5_expanded_universe,60d,,,-0.001560224805289093,-0.01819158280729676,45.05105310417573,,,,,,,,9.0,298.0,137.1,equal_weight_per_day,,,,,,,,,,,,,,,,
decile,v0.5_expanded_universe,60d,,,-0.0040452530499586374,-0.026096187750905355,44.383459809832566,,,,,,,,10.0,298.0,137.5,equal_weight_per_day,,,,,,,,,,,,,,,,
decile_spread,v0.5_expanded_universe,60d,,,,,,,,,,,,,,298.0,,,0.006632146268223413,-0.0040452530499586374,0.010677399318182054,0.050230760263877114,0.09462986922523622,67.4496644295302,0.25146048676257365,10.0,30.0,298.0,0.0,True,,,,
selection,v0.5_expanded_universe,60d,,,-0.005751174951978318,-0.011647458530114849,42.28187919463087,,,,,,,,,298.0,3.0,,,,,,,,,,,,,True,top_3,3.0,-0.010457968995802798,44.63087248322148
selection,v0.5_expanded_universe,60d,,,0.017564872585077714,0.002551521453348614,46.442953020134226,,,,,,,,,298.0,10.0,,,,,,,,,,,,,True,top_10,10.0,0.01285807854125323,56.375838926174495
selection,v0.5_expanded_universe,60d,,,0.016909587420679512,-0.007970475860135556,46.75167785234899,,,,,,,,,298.0,25.0,,,,,,,,,,,,,True,top_25,25.0,0.012202793376855033,55.369127516778526
decile,v0.5_expanded_universe,120d,,,0.046270038335198625,-0.0036248344005724554,47.50718284976632,,,,,,,,1.0,238.0,132.8,equal_weight_per_day,,,,,,,,,,,,,,,,
decile,v0.5_expanded_universe,120d,,,0.025249457049449694,-0.012532320218149389,46.369237004040066,,,,,,,,2.0,238.0,133.4,equal_weight_per_day,,,,,,,,,,,,,,,,
decile,v0.5_expanded_universe,120d,,,0.019699364992699264,-0.01663519131144788,45.78836456599708,,,,,,,,3.0,238.0,133.0,equal_weight_per_day,,,,,,,,,,,,,,,,
decile,v0.5_expanded_universe,120d,,,0.01652849784395405,-0.013847007103283005,46.54839734770651,,,,,,,,4.0,238.0,133.6,equal_weight_per_day,,,,,,,,,,,,,,,,
decile,v0.5_expanded_universe,120d,,,0.007594831306717518,-0.02073023973317279,45.15430670558838,,,,,,,,5.0,238.0,133.4,equal_weight_per_day,,,,,,,,,,,,,,,,
decile,v0.5_expanded_universe,120d,,,0.0014183467203599338,-0.0266912662735932,43.98738863128304,,,,,,,,6.0,238.0,133.0,equal_weight_per_day,,,,,,,,,,,,,,,,
decile,v0.5_expanded_universe,120d,,,-0.01086815733366432,-0.03550867897796479,42.44576708998472,,,,,,,,7.0,238.0,133.6,equal_weight_per_day,,,,,,,,,,,,,,,,
decile,v0.5_expanded_universe,120d,,,-0.007519620746801348,-0.03759837800914589,42.31258313959568,,,,,,,,8.0,238.0,133.1,equal_weight_per_day,,,,,,,,,,,,,,,,
decile,v0.5_expanded_universe,120d,,,-0.010995920502482071,-0.04929638448280016,40.59838112882317,,,,,,,,9.0,238.0,133.3,equal_weight_per_day,,,,,,,,,,,,,,,,
decile,v0.5_expanded_universe,120d,,,-0.019451859974315564,-0.07156500827315683,38.7105374364133,,,,,,,,10.0,238.0,133.8,equal_weight_per_day,,,,,,,,,,,,,,,,
decile_spread,v0.5_expanded_universe,120d,,,,,,,,,,,,,,238.0,,,0.046270038335198625,-0.019451859974315564,0.0657218983095142,0.081589500778944,0.15050937562455097,71.42857142857143,0.6149565059225904,10.0,30.0,238.0,0.0,True,,,,
selection,v0.5_expanded_universe,120d,,,0.05165853432837005,0.04030192005934985,55.322128851540604,,,,,,,,,238.0,3.0,,,,,,,,,,,,,True,top_3,3.0,0.04481538658189479,60.924369747899156
selection,v0.5_expanded_universe,120d,,,0.11256648368850304,0.036902348536696584,52.47899159663866,,,,,,,,,238.0,10.0,,,,,,,,,,,,,True,top_10,10.0,0.10572333594202778,75.21008403361344
selection,v0.5_expanded_universe,120d,,,0.09089187533331951,0.010280388377064787,48.84033613445378,,,,,,,,,238.0,25.0,,,,,,,,,,,,,True,top_25,25.0,0.08404872758684426,76.89075630252101
bucket,v0.3_sector_neutral,5d,decent,2052.0,-0.0053359596790754,-0.0036819794401982,43.810916179337234,,,,,,,,,,,,,,,,,,,,,,,,,,,
bucket,v0.3_sector_neutral,5d,strong,56.0,-0.0142330910147942,-0.0063953949802897,42.85714285714285,,,,,,,,,,,,,,,,,,,,,,,,,,,
bucket,v0.3_sector_neutral,5d,watchlist,5214.0,-0.0003919933006984,-0.0012611518432251,47.89029535864979,,,,,,,,,,,,,,,,,,,,,,,,,,,
bucket,v0.3_sector_neutral,5d,weak,7666.0,0.0070386194652025,0.0043382858249688,55.49178189407774,,,,,,,,,,,,,,,,,,,,,,,,,,,
bucket,v0.3_sector_neutral,20d,decent,1548.0,-0.0208452824949716,-0.0184074137902129,35.46511627906977,7.3852280936312225,,,,,,,,,,,,,,,,,,,,,,,,,,
bucket,v0.3_sector_neutral,20d,strong,128.0,-0.0156364627908437,-0.0102992324717072,37.5,7.184164415326704,,,,,,,,,,,,,,,,,,,,,,,,,,
bucket,v0.3_sector_neutral,20d,watchlist,2276.0,0.0104153309180398,0.0043009312245342,52.81195079086116,7.999514015923088,,,,,,,,,,,,,,,,,,,,,,,,,,
bucket,v0.3_sector_neutral,20d,weak,3275.0,0.0331199479304637,0.0255544600266869,62.87022900763358,9.219677480960298,,,,,,,,,,,,,,,,,,,,,,,,,,
component_correlation,v0.3_sector_neutral,5d,,14988.0,,,,,trend_component,-0.1233895867108239,-0.1284553621628487,-0.1267532668951341,14471.0,trend_component IC=-0.13 is negative vs its 15% weight in score_5d — consider decreasing or removing,,,,,,,,,,,,,,,,,,,,
component_correlation,v0.3_sector_neutral,5d,,15067.0,,,,,short_momentum_component,-0.0853628053976763,-0.0923119982142407,-0.0930546739050247,14548.0,short_momentum_component IC=-0.09 is negative vs its 15% weight in score_5d — consider decreasing or removing,,,,,,,,,,,,,,,,,,,,
component_correlation,v0.3_sector_neutral,5d,,15016.0,,,,,momentum_component_20d,-0.0810306125711816,-0.0979486601619269,-0.0932083402551528,14498.0,,,,,,,,,,,,,,,,,,,,,
component_correlation,v0.3_sector_neutral,5d,,15016.0,,,,,medium_momentum_component,-0.1189139903565326,-0.124912330380103,-0.1216692113315768,14498.0,,,,,,,,,,,,,,,,,,,,,
component_correlation,v0.3_sector_neutral,5d,,15016.0,,,,,long_momentum_component,-0.1022253293352946,-0.1083613748118968,-0.1068520589933118,14498.0,,,,,,,,,,,,,,,,,,,,,
component_correlation,v0.3_sector_neutral,5d,,15067.0,,,,,relative_strength_component_5d,-0.0839774069981405,-0.0965237371468823,-0.0937611049630638,14548.0,relative_strength_component_5d IC=-0.10 is negative vs its 15% weight in score_5d — consider decreasing or removing,,,,,,,,,,,,,,,,,,,,
component_correlation,v0.3_sector_neutral,5d,,15016.0,,,,,relative_strength_component_20d,-0.1035663835662206,-0.1197073964995034,-0.1121015886711399,14498.0,,,,,,,,,,,,,,,,,,,,,
component_correlation,v0.3_sector_neutral,5d,,15016.0,,,,,relative_strength_component_60d,-0.116831694096787,-0.1237672293947905,-0.1205854353559493,14498.0,,,,,,,,,,,,,,,,,,,,,
component_correlation,v0.3_sector_neutral,5d,,15016.0,,,,,relative_strength_component_120d,-0.1008356571297999,-0.1095300698204989,-0.1074797392513024,14498.0,,,,,,,,,,,,,,,,,,,,,
component_correlation,v0.3_sector_neutral,5d,,15068.0,,,,,volume_behavior_component,-0.0362716067884664,-0.0227753630048012,-0.0205994183431685,14549.0,volume_behavior_component IC=-0.02 is weak — its 5% weight in score_5d doesn't look clearly mis-sized,,,,,,,,,,,,,,,,,,,,
component_correlation,v0.3_sector_neutral,5d,,15016.0,,,,,risk_component,-0.0885635202752045,-0.0883770274226778,-0.0883394585648652,14498.0,risk_component IC=-0.09 is negative vs its 10% weight in score_5d — consider decreasing or removing,,,,,,,,,,,,,,,,,,,,
component_correlation,v0.3_sector_neutral,5d,,15016.0,,,,,setup_component,-0.0993585806895853,-0.1060167950051706,-0.1060970744755564,14498.0,,,,,,,,,,,,,,,,,,,,,
component_correlation,v0.3_sector_neutral,5d,,15074.0,,,,,market_regime_component,-0.0332320509084157,-0.0307860470813233,-0.0338366464185603,14554.0,,,,,,,,,,,,,,,,,,,,,
component_correlation,v0.3_sector_neutral,5d,,11657.0,,,,,value_component,0.054333608695614,0.038622362603403,0.038622362603403,11657.0,value_component IC=0.04 is weak — its 15% weight in score_5d doesn't look clearly mis-sized,,,,,,,,,,,,,,,,,,,,
component_correlation,v0.3_sector_neutral,5d,,11634.0,,,,,quality_component,-0.0308076409924462,-0.0249971540908862,-0.0249971540908862,11634.0,quality_component IC=-0.02 is weak — its 15% weight in score_5d doesn't look clearly mis-sized,,,,,,,,,,,,,,,,,,,,
component_correlation,v0.3_sector_neutral,5d,,11542.0,,,,,short_interest_component,-0.0408762694235055,-0.0333203318764672,-0.0333203318764672,11542.0,short_interest_component IC=-0.03 is weak — its 10% weight in score_5d doesn't look clearly mis-sized,,,,,,,,,,,,,,,,,,,,
component_correlation,v0.3_sector_neutral,20d,,7227.0,,,,,trend_component,-0.2431049062836475,-0.2677212738843174,-0.2679028843125811,6710.0,trend_component IC=-0.27 is negative vs its 18% weight in score_20d — consider decreasing or removing,,,,,,,,,,,,,,,,,,,,
component_correlation,v0.3_sector_neutral,20d,,7262.0,,,,,short_momentum_component,-0.0590915575479679,-0.0553022165951329,-0.0577952889860339,6743.0,,,,,,,,,,,,,,,,,,,,,
component_correlation,v0.3_sector_neutral,20d,,7241.0,,,,,momentum_component_20d,-0.135442718779681,-0.1518991912682057,-0.1475422112238805,6723.0,momentum_component_20d IC=-0.15 is negative vs its 15% weight in score_20d — consider decreasing or removing,,,,,,,,,,,,,,,,,,,,
component_correlation,v0.3_sector_neutral,20d,,7241.0,,,,,medium_momentum_component,-0.2582227055819763,-0.2978419587986367,-0.2972414935870387,6723.0,,,,,,,,,,,,,,,,,,,,,
component_correlation,v0.3_sector_neutral,20d,,7241.0,,,,,long_momentum_component,-0.2882343364723768,-0.328814735978326,-0.3308899887346526,6723.0,,,,,,,,,,,,,,,,,,,,,
component_correlation,v0.3_sector_neutral,20d,,7262.0,,,,,relative_strength_component_5d,-0.0663650197482136,-0.0665685308957717,-0.063912074478882,6743.0,,,,,,,,,,,,,,,,,,,,,
component_correlation,v0.3_sector_neutral,20d,,7241.0,,,,,relative_strength_component_20d,-0.1918283238140178,-0.2247204895840412,-0.2163460100647085,6723.0,relative_strength_component_20d IC=-0.22 is negative vs its 15% weight in score_20d — consider decreasing or removing,,,,,,,,,,,,,,,,,,,,
component_correlation,v0.3_sector_neutral,20d,,7241.0,,,,,relative_strength_component_60d,-0.2750774257405298,-0.309859562700395,-0.3073357979313504,6723.0,,,,,,,,,,,,,,,,,,,,,
component_correlation,v0.3_sector_neutral,20d,,7241.0,,,,,relative_strength_component_120d,-0.2765482024240558,-0.3166558578664676,-0.3157964679518255,6723.0,,,,,,,,,,,,,,,,,,,,,
component_correlation,v0.3_sector_neutral,20d,,7263.0,,,,,volume_behavior_component,-0.0064284012174582,-0.0054149985761487,-0.0048360182836616,6744.0,,,,,,,,,,,,,,,,,,,,,
component_correlation,v0.3_sector_neutral,20d,,7241.0,,,,,risk_component,-0.2137464161794482,-0.2216796450526342,-0.2228982381180112,6723.0,risk_component IC=-0.22 is negative vs its 10% weight in score_20d — consider decreasing or removing,,,,,,,,,,,,,,,,,,,,
component_correlation,v0.3_sector_neutral,20d,,7241.0,,,,,setup_component,-0.1495878797031374,-0.1610524833113688,-0.1652543312258669,6723.0,,,,,,,,,,,,,,,,,,,,,
component_correlation,v0.3_sector_neutral,20d,,7269.0,,,,,market_regime_component,-0.0953462211030887,-0.07688891541101,-0.0859380428099138,6749.0,market_regime_component IC=-0.08 is negative vs its 5% weight in score_20d — consider decreasing or removing,,,,,,,,,,,,,,,,,,,,
component_correlation,v0.3_sector_neutral,20d,,5064.0,,,,,value_component,0.1797371768161959,0.1544570821999696,0.1544570821999696,5064.0,value_component IC=0.15 is meaningfully positive vs its 15% weight in score_20d — consider increasing,,,,,,,,,,,,,,,,,,,,
component_correlation,v0.3_sector_neutral,20d,,5054.0,,,,,quality_component,-0.0628608582425441,-0.0367009052076667,-0.0367009052076667,5054.0,quality_component IC=-0.04 is weak — its 15% weight in score_20d doesn't look clearly mis-sized,,,,,,,,,,,,,,,,,,,,
component_correlation,v0.3_sector_neutral,20d,,5014.0,,,,,short_interest_component,-0.0955665480118156,-0.0788706999593061,-0.0788706999593061,5014.0,short_interest_component IC=-0.08 is negative vs its 7% weight in score_20d — consider decreasing or removing,,,,,,,,,,,,,,,,,,,,
decile,v0.3_sector_neutral,5d,,,-0.0063434142229961,-0.0048171503579007,43.382352941176464,,,,,,,,1.0,24.0,51.0,equal_weight_per_day,,,,,,,,,,,,,,,,
decile,v0.3_sector_neutral,5d,,,-0.0039552503552959,-0.002908480094388,45.59294871794871,,,,,,,,2.0,24.0,52.0,equal_weight_per_day,,,,,,,,,,,,,,,,
decile,v0.3_sector_neutral,5d,,,-0.0002658123618061,-0.0015834080240726,47.26464303670186,,,,,,,,3.0,24.0,51.8,equal_weight_per_day,,,,,,,,,,,,,,,,
decile,v0.3_sector_neutral,5d,,,0.0017758355184383,-0.0005287662476453,49.61035696329814,,,,,,,,4.0,24.0,51.2,equal_weight_per_day,,,,,,,,,,,,,,,,
decile,v0.3_sector_neutral,5d,,,0.0009238292065898,0.0011438101648138,50.320512820512825,,,,,,,,5.0,24.0,52.0,equal_weight_per_day,,,,,,,,,,,,,,,,
decile,v0.3_sector_neutral,5d,,,0.0016318370544972,0.000936024929514,49.59778783308195,,,,,,,,6.0,24.0,51.8,equal_weight_per_day,,,,,,,,,,,,,,,,
decile,v0.3_sector_neutral,5d,,,0.0062303738878518,0.0050633680694406,54.3284942182001,,,,,,,,7.0,24.0,51.2,equal_weight_per_day,,,,,,,,,,,,,,,,
decile,v0.3_sector_neutral,5d,,,0.0084038506431063,0.0063282934519774,56.6427853192559,,,,,,,,8.0,24.0,51.8,equal_weight_per_day,,,,,,,,,,,,,,,,
decile,v0.3_sector_neutral,5d,,,0.0073634422974547,0.0076438656687218,57.21153846153846,,,,,,,,9.0,24.0,52.0,equal_weight_per_day,,,,,,,,,,,,,,,,
decile,v0.3_sector_neutral,5d,,,0.0080457374666594,0.0055796299269223,55.44871794871795,,,,,,,,10.0,24.0,52.0,equal_weight_per_day,,,,,,,,,,,,,,,,
decile_spread,v0.3_sector_neutral,5d,,,,,,,,,,,,,,24.0,,,-0.0063434142229961,0.0080457374666594,-0.0143891516896556,-0.0120976364262363,0.0229738349129391,20.833333333333336,-1.3722154779390603,10.0,30.0,24.0,0.0,True,,,,
selection,v0.3_sector_neutral,5d,,,-0.012525060963162,-0.0124286615381103,36.11111111111111,,,,,,,,,24.0,3.0,,,,,,,,,,,,,True,top_3,3.0,-0.0149132606734212,25.0
selection,v0.3_sector_neutral,5d,,,-0.011059393446161,-0.0099382207477834,38.333333333333336,,,,,,,,,24.0,10.0,,,,,,,,,,,,,True,top_10,10.0,-0.0134475931564202,37.5
selection,v0.3_sector_neutral,5d,,,-0.0081489767788025,-0.0069805447805194,41.333333333333336,,,,,,,,,24.0,25.0,,,,,,,,,,,,,True,top_25,25.0,-0.0105371764890617,33.33333333333333
decile,v0.3_sector_neutral,20d,,,-0.0244692751745647,-0.0140594227592591,33.68983957219252,,,,,,,,1.0,11.0,51.0,equal_weight_per_day,,,,,,,,,,,,,,,,
decile,v0.3_sector_neutral,20d,,,-0.0200793129010671,-0.023643488629571,35.13986013986013,,,,,,,,2.0,11.0,52.0,equal_weight_per_day,,,,,,,,,,,,,,,,
decile,v0.3_sector_neutral,20d,,,0.0016165766311655,-0.0035086740244982,48.70080899492664,,,,,,,,3.0,11.0,51.5,equal_weight_per_day,,,,,,,,,,,,,,,,
decile,v0.3_sector_neutral,20d,,,0.0059056933869437,0.004772064558753,52.67722473604826,,,,,,,,4.0,11.0,51.5,equal_weight_per_day,,,,,,,,,,,,,,,,
decile,v0.3_sector_neutral,20d,,,0.0184723258634345,0.0112076023501677,56.060606060606055,,,,,,,,5.0,11.0,51.9,equal_weight_per_day,,,,,,,,,,,,,,,,
decile,v0.3_sector_neutral,20d,,,0.020281333727277,0.0160160152798785,57.407788290141234,,,,,,,,6.0,11.0,51.6,equal_weight_per_day,,,,,,,,,,,,,,,,
decile,v0.3_sector_neutral,20d,,,0.0242546328868682,0.0137504493643135,59.1389003153709,,,,,,,,7.0,11.0,51.4,equal_weight_per_day,,,,,,,,,,,,,,,,
decile,v0.3_sector_neutral,20d,,,0.0279970124719271,0.0232602490548791,62.99533799533799,,,,,,,,8.0,11.0,51.6,equal_weight_per_day,,,,,,,,,,,,,,,,
decile,v0.3_sector_neutral,20d,,,0.0433343225938125,0.0364141434904138,68.65144659262306,,,,,,,,9.0,11.0,51.9,equal_weight_per_day,,,,,,,,,,,,,,,,
decile,v0.3_sector_neutral,20d,,,0.0386721204117665,0.0344022046948152,63.63636363636363,,,,,,,,10.0,11.0,52.0,equal_weight_per_day,,,,,,,,,,,,,,,,
decile_spread,v0.3_sector_neutral,20d,,,,,,,,,,,,,,11.0,,,-0.0244692751745647,0.0386721204117665,-0.0631413955863312,-0.0692339495009897,0.0208932811341939,0.0,-3.0220909382678967,10.0,30.0,11.0,0.0,False,,,,
selection,v0.3_sector_neutral,20d,,,-0.0052024010403459,-0.0105642155912641,45.454545454545446,,,,,,,,,11.0,3.0,,,,,,,,,,,,,False,top_3,3.0,-0.0188348124956353,45.45454545454545
selection,v0.3_sector_neutral,20d,,,-0.0194684356174219,-0.0137323256786063,33.63636363636363,,,,,,,,,11.0,10.0,,,,,,,,,,,,,False,top_10,10.0,-0.0331008470727113,0.0
selection,v0.3_sector_neutral,20d,,,-0.0194326898332101,-0.0128982299234739,31.27272727272728,,,,,,,,,11.0,25.0,,,,,,,,,,,,,False,top_25,25.0,-0.0330651012884994,0.0
decile_spread,v0.3_sector_neutral,60d,,,,,,,,,,,,,,0.0,,,,,,,,,,10.0,30.0,0.0,0.0,False,,,,
decile_spread,v0.3_sector_neutral,120d,,,,,,,,,,,,,,0.0,,,,,,,,,,10.0,30.0,0.0,0.0,False,,,,
bucket,v0.1_price_volume_only,5d,decent,31849.0,0.0006703413493271,-0.0004274639731749,48.85867688153474,,,,,,,,,,,,,,,,,,,,,,,,,,,
bucket,v0.1_price_volume_only,5d,strong,3627.0,0.0010302066900992,-0.0001275323243938,49.655362558588365,,,,,,,,,,,,,,,,,,,,,,,,,,,
bucket,v0.1_price_volume_only,5d,watchlist,36460.0,-1.4078960902644573e-05,-0.0010791942288895,48.08831596269884,,,,,,,,,,,,,,,,,,,,,,,,,,,
bucket,v0.1_price_volume_only,5d,weak,84213.0,0.0005706089233784,0.0,49.961407383658106,,,,,,,,,,,,,,,,,,,,,,,,,,,
bucket,v0.1_price_volume_only,20d,decent,37296.0,0.00505026029655,-0.0009160912365572,48.83633633633634,7.345444453782419,,,,,,,,,,,,,,,,,,,,,,,,,,
bucket,v0.1_price_volume_only,20d,strong,10195.0,0.0023171102304121,-0.0020330275805494,48.258950465914666,6.924748000350036,,,,,,,,,,,,,,,,,,,,,,,,,,
bucket,v0.1_price_volume_only,20d,watchlist,30490.0,0.0016460604457403,-0.0018020631576318,48.53722531977698,7.177472414236767,,,,,,,,,,,,,,,,,,,,,,,,,,
bucket,v0.1_price_volume_only,20d,weak,78168.0,-1.294335803530746e-05,-0.0030206020856762,48.0260464640262,7.586210662997365,,,,,,,,,,,,,,,,,,,,,,,,,,
bucket,v0.1_price_volume_only,60d,decent,33014.0,0.014807042029359,-0.004200138255231,47.89483249530503,12.695065549876173,,,,,,,,,,,,,,,,,,,,,,,,,,
bucket,v0.1_price_volume_only,60d,strong,17259.0,0.0312336059328451,0.0031061852786926,50.92415551306565,14.067829886587685,,,,,,,,,,,,,,,,,,,,,,,,,,
bucket,v0.1_price_volume_only,60d,watchlist,26197.0,0.0042211049498287,-0.0055219858153936,47.63904263847005,12.642770154979043,,,,,,,,,,,,,,,,,,,,,,,,,,
bucket,v0.1_price_volume_only,60d,weak,67776.0,-0.0037517312040823,-0.0120723910861981,46.1003895184136,13.944476159290168,,,,,,,,,,,,,,,,,,,,,,,,,,
bucket,v0.1_price_volume_only,120d,decent,23037.0,0.0198262779908456,-0.0035544040865637,48.40474020054695,,,,,,,,,,,,,,,,,,,,,,,,,,,
bucket,v0.1_price_volume_only,120d,strong,19902.0,0.0977059302669132,0.0132128834091538,52.83388604160386,,,,,,,,,,,,,,,,,,,,,,,,,,,
bucket,v0.1_price_volume_only,120d,watchlist,18966.0,0.0086791041535881,-0.015197188822054,46.12991669302964,,,,,,,,,,,,,,,,,,,,,,,,,,,
bucket,v0.1_price_volume_only,120d,weak,51321.0,-0.0169138694026197,-0.0377485940362123,41.50347810837669,,,,,,,,,,,,,,,,,,,,,,,,,,,
component_correlation,v0.1_price_volume_only,5d,,156149.0,,,,,trend_component,0.012156897728903,0.0031023259639462,,0.0,trend_component IC=0.00 is weak — its 10% weight in score_5d doesn't look clearly mis-sized,,,,,,,,,,,,,,,,,,,,
component_correlation,v0.1_price_volume_only,5d,,248841.0,,,,,short_momentum_component,0.0083645040774604,0.0003414921715023,,0.0,short_momentum_component IC=0.00 is weak — its 25% weight in score_5d doesn't look clearly mis-sized,,,,,,,,,,,,,,,,,,,,
component_correlation,v0.1_price_volume_only,5d,,228119.0,,,,,momentum_component_20d,0.0194957098601112,0.0095190293882043,,0.0,,,,,,,,,,,,,,,,,,,,,
component_correlation,v0.1_price_volume_only,5d,,197039.0,,,,,medium_momentum_component,0.0240720699565933,0.014205993676941,,0.0,,,,,,,,,,,,,,,,,,,,,
component_correlation,v0.1_price_volume_only,5d,,197039.0,,,,,long_momentum_component,0.0231451646240662,0.017335431808065,,0.0,,,,,,,,,,,,,,,,,,,,,
component_correlation,v0.1_price_volume_only,5d,,248841.0,,,,,relative_strength_component_5d,0.0099889422315868,0.0023895472417578,,0.0,relative_strength_component_5d IC=0.00 is weak — its 15% weight in score_5d doesn't look clearly mis-sized,,,,,,,,,,,,,,,,,,,,
component_correlation,v0.1_price_volume_only,5d,,228119.0,,,,,relative_strength_component_20d,0.0252521220073077,0.019059991399138,,0.0,,,,,,,,,,,,,,,,,,,,,
component_correlation,v0.1_price_volume_only,5d,,197039.0,,,,,relative_strength_component_60d,0.0212258215368358,0.0167914125671199,,0.0,,,,,,,,,,,,,,,,,,,,,
component_correlation,v0.1_price_volume_only,5d,,197039.0,,,,,relative_strength_component_120d,0.0212634188233136,0.0183570325899769,,0.0,,,,,,,,,,,,,,,,,,,,,
component_correlation,v0.1_price_volume_only,5d,,249360.0,,,,,volume_behavior_component,-1.3986980226267485e-05,-0.0062668908961406,,0.0,volume_behavior_component IC=-0.01 is weak — its 20% weight in score_5d doesn't look clearly mis-sized,,,,,,,,,,,,,,,,,,,,
component_correlation,v0.1_price_volume_only,5d,,228119.0,,,,,risk_component,-0.0250444128408918,-0.0127037619621826,,0.0,risk_component IC=-0.01 is weak — its 15% weight in score_5d doesn't look clearly mis-sized,,,,,,,,,,,,,,,,,,,,
component_correlation,v0.1_price_volume_only,5d,,228637.0,,,,,setup_component,-0.0005737630789815,-0.0005997329061489,,0.0,setup_component IC=-0.00 is weak — its 15% weight in score_5d doesn't look clearly mis-sized,,,,,,,,,,,,,,,,,,,,
component_correlation,v0.1_price_volume_only,5d,,157396.0,,,,,market_regime_component,-0.0044316182874156,-0.0136432626937886,,0.0,,,,,,,,,,,,,,,,,,,,,
component_correlation,v0.1_price_volume_only,20d,,156149.0,,,,,trend_component,0.0381822821727836,0.0239917188545753,,0.0,trend_component IC=0.02 is weak — its 20% weight in score_20d doesn't look clearly mis-sized,,,,,,,,,,,,,,,,,,,,
component_correlation,v0.1_price_volume_only,20d,,248841.0,,,,,short_momentum_component,0.0173903060511306,0.0066445540424934,,0.0,,,,,,,,,,,,,,,,,,,,,
component_correlation,v0.1_price_volume_only,20d,,228119.0,,,,,momentum_component_20d,0.0337447630686754,0.0209251298329321,,0.0,momentum_component_20d IC=0.02 is weak — its 20% weight in score_20d doesn't look clearly mis-sized,,,,,,,,,,,,,,,,,,,,
component_correlation,v0.1_price_volume_only,20d,,197039.0,,,,,medium_momentum_component,0.0370234060261285,0.0155537792161602,,0.0,,,,,,,,,,,,,,,,,,,,,
component_correlation,v0.1_price_volume_only,20d,,197039.0,,,,,long_momentum_component,0.0443294711253089,0.0254903152296029,,0.0,,,,,,,,,,,,,,,,,,,,,
component_correlation,v0.1_price_volume_only,20d,,248841.0,,,,,relative_strength_component_5d,0.0200678139968683,0.0149054060072985,,0.0,,,,,,,,,,,,,,,,,,,,,
component_correlation,v0.1_price_volume_only,20d,,228119.0,,,,,relative_strength_component_20d,0.0397461050409885,0.0284745865257413,,0.0,relative_strength_component_20d IC=0.03 is weak — its 20% weight in score_20d doesn't look clearly mis-sized,,,,,,,,,,,,,,,,,,,,
component_correlation,v0.1_price_volume_only,20d,,197039.0,,,,,relative_strength_component_60d,0.0315758085922077,0.01677797046659,,0.0,,,,,,,,,,,,,,,,,,,,,
component_correlation,v0.1_price_volume_only,20d,,197039.0,,,,,relative_strength_component_120d,0.0367365632549477,0.0249514201161535,,0.0,,,,,,,,,,,,,,,,,,,,,
component_correlation,v0.1_price_volume_only,20d,,249360.0,,,,,volume_behavior_component,0.0014763963439656,0.0012919036804325,,0.0,volume_behavior_component IC=0.00 is weak — its 10% weight in score_20d doesn't look clearly mis-sized,,,,,,,,,,,,,,,,,,,,
component_correlation,v0.1_price_volume_only,20d,,228119.0,,,,,risk_component,-0.0504957581981654,-0.0201087553171504,,0.0,risk_component IC=-0.02 is weak — its 15% weight in score_20d doesn't look clearly mis-sized,,,,,,,,,,,,,,,,,,,,
component_correlation,v0.1_price_volume_only,20d,,228637.0,,,,,setup_component,0.0068505172762285,0.013284183513985,,0.0,setup_component IC=0.01 is weak — its 10% weight in score_20d doesn't look clearly mis-sized,,,,,,,,,,,,,,,,,,,,
component_correlation,v0.1_price_volume_only,20d,,157396.0,,,,,market_regime_component,-0.0017848627889742,-0.0072896106853272,,0.0,market_regime_component IC=-0.01 is weak — its 5% weight in score_20d doesn't look clearly mis-sized,,,,,,,,,,,,,,,,,,,,
component_correlation,v0.1_price_volume_only,60d,,144246.0,,,,,trend_component,0.0688408419663014,0.0559122870770558,,0.0,trend_component IC=0.06 is weak — its 25% weight in score_60d doesn't look clearly mis-sized,,,,,,,,,,,,,,,,,,,,
component_correlation,v0.1_price_volume_only,60d,,236913.0,,,,,short_momentum_component,0.0341587022200658,0.0137342667671646,,0.0,,,,,,,,,,,,,,,,,,,,,
component_correlation,v0.1_price_volume_only,60d,,216193.0,,,,,momentum_component_20d,0.0451240539063407,0.017405189448541,,0.0,,,,,,,,,,,,,,,,,,,,,
component_correlation,v0.1_price_volume_only,60d,,185113.0,,,,,medium_momentum_component,0.0571932063483423,0.0208904697579546,,0.0,medium_momentum_component IC=0.02 is weak — its 20% weight in score_60d doesn't look clearly mis-sized,,,,,,,,,,,,,,,,,,,,
component_correlation,v0.1_price_volume_only,60d,,185113.0,,,,,long_momentum_component,0.0784920533324818,0.0491394231803105,,0.0,,,,,,,,,,,,,,,,,,,,,
component_correlation,v0.1_price_volume_only,60d,,236913.0,,,,,relative_strength_component_5d,0.0346426020663098,0.0187685175931412,,0.0,,,,,,,,,,,,,,,,,,,,,
component_correlation,v0.1_price_volume_only,60d,,216193.0,,,,,relative_strength_component_20d,0.045540302005416,0.0153242668690312,,0.0,,,,,,,,,,,,,,,,,,,,,
component_correlation,v0.1_price_volume_only,60d,,185113.0,,,,,relative_strength_component_60d,0.0568134679019808,0.0267441023702617,,0.0,relative_strength_component_60d IC=0.03 is weak — its 25% weight in score_60d doesn't look clearly mis-sized,,,,,,,,,,,,,,,,,,,,
component_correlation,v0.1_price_volume_only,60d,,185113.0,,,,,relative_strength_component_120d,0.0687416586074799,0.0448987682392665,,0.0,,,,,,,,,,,,,,,,,,,,,
component_correlation,v0.1_price_volume_only,60d,,237431.0,,,,,volume_behavior_component,0.0045618028980331,-0.000686627148456,,0.0,volume_behavior_component IC=-0.00 is weak — its 5% weight in score_60d doesn't look clearly mis-sized,,,,,,,,,,,,,,,,,,,,
component_correlation,v0.1_price_volume_only,60d,,216193.0,,,,,risk_component,-0.0921755197280259,-0.0325960247715834,,0.0,risk_component IC=-0.03 is weak — its 15% weight in score_60d doesn't look clearly mis-sized,,,,,,,,,,,,,,,,,,,,
component_correlation,v0.1_price_volume_only,60d,,216711.0,,,,,setup_component,-0.001667752818795,0.0075668151406755,,0.0,,,,,,,,,,,,,,,,,,,,,
component_correlation,v0.1_price_volume_only,60d,,145448.0,,,,,market_regime_component,0.0001121992700208,-0.0141935718759502,,0.0,market_regime_component IC=-0.01 is weak — its 10% weight in score_60d doesn't look clearly mis-sized,,,,,,,,,,,,,,,,,,,,
component_correlation,v0.1_price_volume_only,120d,,113226.0,,,,,trend_component,0.1028199551803789,0.1136647388778337,,0.0,trend_component IC=0.11 is meaningfully positive vs its 30% weight in score_120d — consider increasing,,,,,,,,,,,,,,,,,,,,
component_correlation,v0.1_price_volume_only,120d,,205833.0,,,,,short_momentum_component,0.0465746137376134,0.0292582853191827,,0.0,,,,,,,,,,,,,,,,,,,,,
component_correlation,v0.1_price_volume_only,120d,,185113.0,,,,,momentum_component_20d,0.0704009625440373,0.0496448622121626,,0.0,,,,,,,,,,,,,,,,,,,,,
component_correlation,v0.1_price_volume_only,120d,,154069.0,,,,,medium_momentum_component,0.102451905446935,0.0798426692554279,,0.0,,,,,,,,,,,,,,,,,,,,,
component_correlation,v0.1_price_volume_only,120d,,154069.0,,,,,long_momentum_component,0.1005776587765908,0.0868201356881644,,0.0,long_momentum_component IC=0.09 is weak — its 25% weight in score_120d doesn't look clearly mis-sized,,,,,,,,,,,,,,,,,,,,
component_correlation,v0.1_price_volume_only,120d,,205833.0,,,,,relative_strength_component_5d,0.0449687513617462,0.0316903520791006,,0.0,,,,,,,,,,,,,,,,,,,,,
component_correlation,v0.1_price_volume_only,120d,,185113.0,,,,,relative_strength_component_20d,0.0791875964019187,0.0596949708395713,,0.0,,,,,,,,,,,,,,,,,,,,,
component_correlation,v0.1_price_volume_only,120d,,154069.0,,,,,relative_strength_component_60d,0.1005174296369518,0.0859307714567432,,0.0,,,,,,,,,,,,,,,,,,,,,
component_correlation,v0.1_price_volume_only,120d,,154069.0,,,,,relative_strength_component_120d,0.1019561504270627,0.0954949106963329,,0.0,relative_strength_component_120d IC=0.10 is weak — its 25% weight in score_120d doesn't look clearly mis-sized,,,,,,,,,,,,,,,,,,,,
component_correlation,v0.1_price_volume_only,120d,,206351.0,,,,,volume_behavior_component,0.0126003443562048,0.0114949434926481,,0.0,,,,,,,,,,,,,,,,,,,,,
component_correlation,v0.1_price_volume_only,120d,,185113.0,,,,,risk_component,-0.1061280317412017,-0.0162639190865762,,0.0,risk_component IC=-0.02 is weak — its 10% weight in score_120d doesn't look clearly mis-sized,,,,,,,,,,,,,,,,,,,,
component_correlation,v0.1_price_volume_only,120d,,185631.0,,,,,setup_component,0.0074362225892982,0.0326467034655198,,0.0,,,,,,,,,,,,,,,,,,,,,
component_correlation,v0.1_price_volume_only,120d,,114368.0,,,,,market_regime_component,0.0163072187503454,-0.0175574246641633,,0.0,market_regime_component IC=-0.02 is weak — its 10% weight in score_120d doesn't look clearly mis-sized,,,,,,,,,,,,,,,,,,,,
decile,v0.1_price_volume_only,5d,,,0.0001737988590833,-0.0008242756946076,49.29814801078061,,,,,,,,1.0,305.0,50.6,equal_weight_per_day,,,,,,,,,,,,,,,,
decile,v0.1_price_volume_only,5d,,,0.0007030152735801,-0.00040137637442,48.61644784017012,,,,,,,,2.0,305.0,51.5,equal_weight_per_day,,,,,,,,,,,,,,,,
decile,v0.1_price_volume_only,5d,,,0.0006465703776995,-0.0005431767583546,48.83913255040054,,,,,,,,3.0,305.0,51.0,equal_weight_per_day,,,,,,,,,,,,,,,,
decile,v0.1_price_volume_only,5d,,,0.000219341496846,-0.0011000072204362,47.91311228148258,,,,,,,,4.0,305.0,51.1,equal_weight_per_day,,,,,,,,,,,,,,,,
decile,v0.1_price_volume_only,5d,,,-0.0002704731740637,-0.0006302589422658,48.72298725576505,,,,,,,,5.0,305.0,51.5,equal_weight_per_day,,,,,,,,,,,,,,,,
decile,v0.1_price_volume_only,5d,,,-0.0003425577576952,-0.0005797613072692,48.777761293672576,,,,,,,,6.0,305.0,51.0,equal_weight_per_day,,,,,,,,,,,,,,,,
decile,v0.1_price_volume_only,5d,,,0.0010654115817679,0.0002532184519508,50.04784511534753,,,,,,,,7.0,305.0,51.1,equal_weight_per_day,,,,,,,,,,,,,,,,
decile,v0.1_price_volume_only,5d,,,0.0010228910813787,0.0004286161393636,50.86739361570606,,,,,,,,8.0,305.0,51.0,equal_weight_per_day,,,,,,,,,,,,,,,,
decile,v0.1_price_volume_only,5d,,,0.0007926002657254,-0.0001688175411433,50.16949781173504,,,,,,,,9.0,305.0,51.5,equal_weight_per_day,,,,,,,,,,,,,,,,
decile,v0.1_price_volume_only,5d,,,0.0004948454024147,-0.0004826327733653,49.99714482857075,,,,,,,,10.0,305.0,51.6,equal_weight_per_day,,,,,,,,,,,,,,,,
decile_spread,v0.1_price_volume_only,5d,,,,,,,,,,,,,,305.0,,,0.0001737988590833,0.0004948454024147,-0.0003210465433314,0.0012454032299075,0.023597658568318,53.77049180327869,-0.1062585787376287,10.0,30.0,305.0,0.0,True,,,,
selection,v0.1_price_volume_only,5d,,,0.0009988781036604,0.0005336903049123,49.94535519125682,,,,,,,,,305.0,3.0,,,,,,,,,,,,,True,top_3,3.0,0.0005467467066698,49.8360655737705
selection,v0.1_price_volume_only,5d,,,0.0013317757281996,0.0003671360094078,50.78688524590164,,,,,,,,,305.0,10.0,,,,,,,,,,,,,True,top_10,10.0,0.000879644331209,52.131147540983605
selection,v0.1_price_volume_only,5d,,,0.0010119366767682,6.116426075514961e-05,49.940983606557374,,,,,,,,,305.0,25.0,,,,,,,,,,,,,True,top_25,25.0,0.0005598052797776,49.50819672131148
decile,v0.1_price_volume_only,20d,,,0.0030950995907732,-0.0026568610149306,47.89585342333655,,,,,,,,1.0,305.0,50.5,equal_weight_per_day,,,,,,,,,,,,,,,,
decile,v0.1_price_volume_only,20d,,,0.0060511011941519,-0.001106390122263,49.07524169819252,,,,,,,,2.0,305.0,51.5,equal_weight_per_day,,,,,,,,,,,,,,,,
decile,v0.1_price_volume_only,20d,,,0.0055089788502848,-2.245161377229785e-06,49.38679128650198,,,,,,,,3.0,305.0,51.0,equal_weight_per_day,,,,,,,,,,,,,,,,
decile,v0.1_price_volume_only,20d,,,0.0017029340494477,-0.0016161272914332,48.75985955542368,,,,,,,,4.0,305.0,51.1,equal_weight_per_day,,,,,,,,,,,,,,,,
decile,v0.1_price_volume_only,20d,,,0.0034425486165414,-0.0010640573070934,49.2261948915758,,,,,,,,5.0,305.0,51.5,equal_weight_per_day,,,,,,,,,,,,,,,,
decile,v0.1_price_volume_only,20d,,,0.0011163854699326,-0.0023708507047569,48.11799322503276,,,,,,,,6.0,305.0,51.0,equal_weight_per_day,,,,,,,,,,,,,,,,
decile,v0.1_price_volume_only,20d,,,0.0010670819768621,-0.0027894636148855,47.72346265113865,,,,,,,,7.0,305.0,51.1,equal_weight_per_day,,,,,,,,,,,,,,,,
decile,v0.1_price_volume_only,20d,,,0.0013112075185584,-0.001878407108146,48.20203743540291,,,,,,,,8.0,305.0,51.0,equal_weight_per_day,,,,,,,,,,,,,,,,
decile,v0.1_price_volume_only,20d,,,-0.0012024545801339,-0.0030488400809522,48.44288504809238,,,,,,,,9.0,305.0,51.5,equal_weight_per_day,,,,,,,,,,,,,,,,
decile,v0.1_price_volume_only,20d,,,-0.0030417202279298,-0.0069843933646817,47.7113686052752,,,,,,,,10.0,305.0,51.6,equal_weight_per_day,,,,,,,,,,,,,,,,
decile_spread,v0.1_price_volume_only,20d,,,,,,,,,,,,,,305.0,,,0.0030950995907732,-0.0030417202279298,0.0061368198187031,0.0067350129826414,0.0510399864600742,56.72131147540984,0.469534754261905,10.0,30.0,305.0,0.0,True,,,,
selection,v0.1_price_volume_only,20d,,,-0.0017566127515301,-0.0035096830865974,47.43169398907103,,,,,,,,,305.0,3.0,,,,,,,,,,,,,True,top_3,3.0,-0.0036655769167093,42.950819672131146
selection,v0.1_price_volume_only,20d,,,-0.0003546959777108,-0.0035130535400664,47.31147540983606,,,,,,,,,305.0,10.0,,,,,,,,,,,,,True,top_10,10.0,-0.00226366014289,48.85245901639344
selection,v0.1_price_volume_only,20d,,,0.0002867355516536,-0.0035879531895974,46.924590163934425,,,,,,,,,305.0,25.0,,,,,,,,,,,,,True,top_25,25.0,-0.0016222286135255,52.459016393442624
decile,v0.1_price_volume_only,60d,,,0.0295706083475312,0.0016768443049051,49.9874843554443,,,,,,,,1.0,282.0,50.5,equal_weight_per_day,,,,,,,,,,,,,,,,
decile,v0.1_price_volume_only,60d,,,0.021053481914349,-8.011453722815157e-05,48.94499534674753,,,,,,,,2.0,282.0,51.5,equal_weight_per_day,,,,,,,,,,,,,,,,
decile,v0.1_price_volume_only,60d,,,0.0179367416495759,-0.0039636186154238,48.19058010547372,,,,,,,,3.0,282.0,50.9,equal_weight_per_day,,,,,,,,,,,,,,,,
decile,v0.1_price_volume_only,60d,,,0.0129067956353108,-0.0010793620170133,49.07804092722741,,,,,,,,4.0,282.0,51.1,equal_weight_per_day,,,,,,,,,,,,,,,,
decile,v0.1_price_volume_only,60d,,,0.0056952633831318,-0.0057990691686848,47.931174652075775,,,,,,,,5.0,282.0,51.5,equal_weight_per_day,,,,,,,,,,,,,,,,
decile,v0.1_price_volume_only,60d,,,0.0044537580587528,-0.0027229706084296,48.95940973225078,,,,,,,,6.0,282.0,50.9,equal_weight_per_day,,,,,,,,,,,,,,,,
decile,v0.1_price_volume_only,60d,,,0.0004913040600231,-0.0052186393354911,47.83423189242964,,,,,,,,7.0,282.0,51.1,equal_weight_per_day,,,,,,,,,,,,,,,,
decile,v0.1_price_volume_only,60d,,,-0.0049246492617014,-0.0142758771769809,44.66172994020303,,,,,,,,8.0,282.0,50.9,equal_weight_per_day,,,,,,,,,,,,,,,,
decile,v0.1_price_volume_only,60d,,,-0.0055557509579454,-0.0150962685340002,44.730057871484654,,,,,,,,9.0,282.0,51.5,equal_weight_per_day,,,,,,,,,,,,,,,,
decile,v0.1_price_volume_only,60d,,,-0.0141276706755579,-0.0238391220207548,44.41592296369495,,,,,,,,10.0,282.0,51.5,equal_weight_per_day,,,,,,,,,,,,,,,,
decile_spread,v0.1_price_volume_only,60d,,,,,,,,,,,,,,282.0,,,0.0295706083475312,-0.0141276706755579,0.0436982790230891,0.0709296912280529,0.0945421751627845,75.88652482269504,1.0020460313756654,10.0,30.0,282.0,0.0,True,,,,
selection,v0.1_price_volume_only,60d,,,0.0261578408981957,0.0135703128391692,50.354609929078,,,,,,,,,282.0,3.0,,,,,,,,,,,,,True,top_3,3.0,0.0194109382934264,54.25531914893617
selection,v0.1_price_volume_only,60d,,,0.0314748107733742,0.0077545296703172,49.9097356544165,,,,,,,,,282.0,10.0,,,,,,,,,,,,,True,top_10,10.0,0.024727908168605,56.38297872340425
selection,v0.1_price_volume_only,60d,,,0.0284754968806966,0.0027895933378827,49.48936170212766,,,,,,,,,282.0,25.0,,,,,,,,,,,,,True,top_25,25.0,0.0217285942759274,64.18439716312056
decile,v0.1_price_volume_only,120d,,,0.1378602631817989,0.0357364723301184,54.352587881999646,,,,,,,,1.0,222.0,50.4,equal_weight_per_day,,,,,,,,,,,,,,,,
decile,v0.1_price_volume_only,120d,,,0.044272702231477,0.0022649203525034,49.420631038278096,,,,,,,,2.0,222.0,51.4,equal_weight_per_day,,,,,,,,,,,,,,,,
decile,v0.1_price_volume_only,120d,,,0.0214600390117053,-0.0008366644375431,49.2701411819059,,,,,,,,3.0,222.0,50.6,equal_weight_per_day,,,,,,,,,,,,,,,,
decile,v0.1_price_volume_only,120d,,,0.0132103852213258,-0.0090656765685119,47.57772478360713,,,,,,,,4.0,222.0,51.1,equal_weight_per_day,,,,,,,,,,,,,,,,
decile,v0.1_price_volume_only,120d,,,0.0118496046064604,-0.0154270832794727,45.70373540961776,,,,,,,,5.0,222.0,51.4,equal_weight_per_day,,,,,,,,,,,,,,,,
decile,v0.1_price_volume_only,120d,,,0.0095286506497327,-0.0131191599703493,47.11042490454255,,,,,,,,6.0,222.0,50.6,equal_weight_per_day,,,,,,,,,,,,,,,,
decile,v0.1_price_volume_only,120d,,,-0.0095585346892567,-0.0253439567611014,44.2771391300803,,,,,,,,7.0,222.0,51.1,equal_weight_per_day,,,,,,,,,,,,,,,,
decile,v0.1_price_volume_only,120d,,,-0.0197558851856027,-0.03136901049536,42.46922261628144,,,,,,,,8.0,222.0,50.6,equal_weight_per_day,,,,,,,,,,,,,,,,
decile,v0.1_price_volume_only,120d,,,-0.015568087093143,-0.0332279408946612,40.88867180450607,,,,,,,,9.0,222.0,51.4,equal_weight_per_day,,,,,,,,,,,,,,,,
decile,v0.1_price_volume_only,120d,,,-0.033586324024047,-0.0691308588088464,36.310184270043685,,,,,,,,10.0,222.0,51.4,equal_weight_per_day,,,,,,,,,,,,,,,,
decile_spread,v0.1_price_volume_only,120d,,,,,,,,,,,,,,222.0,,,0.1378602631817989,-0.033586324024047,0.1714465872058459,0.211808276072296,0.1959329073708455,77.47747747747748,1.1901654147814886,10.0,30.0,222.0,0.0,True,,,,
selection,v0.1_price_volume_only,120d,,,0.1996659305717368,0.1711345734139987,58.4084084084084,,,,,,,,,222.0,3.0,,,,,,,,,,,,,True,top_3,3.0,0.1838287344968575,61.26126126126125
selection,v0.1_price_volume_only,120d,,,0.2275962524588214,0.102844791932267,58.648648648648646,,,,,,,,,222.0,10.0,,,,,,,,,,,,,True,top_10,10.0,0.2117590563839421,70.27027027027027
selection,v0.1_price_volume_only,120d,,,0.1954896420958177,0.0605595683751874,56.054054054054056,,,,,,,,,222.0,25.0,,,,,,,,,,,,,True,top_25,25.0,0.1796524460209384,82.88288288288288
bucket,v0.2_fundamentals_added,5d,decent,165.0,-0.0084053717778894,-0.0074136033019697,35.75757575757576,,,,,,,,,,,,,,,,,,,,,,,,,,,
bucket,v0.2_fundamentals_added,5d,strong,10.0,-0.0256993467930153,-0.0175120253074223,20.0,,,,,,,,,,,,,,,,,,,,,,,,,,,
bucket,v0.2_fundamentals_added,5d,watchlist,388.0,-0.009982404307435,-0.0087613712099022,39.175257731958766,,,,,,,,,,,,,,,,,,,,,,,,,,,
bucket,v0.2_fundamentals_added,5d,weak,471.0,0.0077107828917917,0.0075514145417059,57.74946921443737,,,,,,,,,,,,,,,,,,,,,,,,,,,
bucket,v0.2_fundamentals_added,20d,decent,241.0,-0.0204085173201445,-0.0176106680333467,32.365145228215766,7.466066355553247,,,,,,,,,,,,,,,,,,,,,,,,,,
bucket,v0.2_fundamentals_added,20d,strong,19.0,-0.0151630594376712,-0.0180812712691764,31.57894736842105,5.609720939920489,,,,,,,,,,,,,,,,,,,,,,,,,,
bucket,v0.2_fundamentals_added,20d,watchlist,320.0,0.002785728873463,0.0057137583278674,54.6875,8.848072902241146,,,,,,,,,,,,,,,,,,,,,,,,,,
bucket,v0.2_fundamentals_added,20d,weak,454.0,0.0359199555036128,0.0324579201741113,66.74008810572687,9.816600825998853,,,,,,,,,,,,,,,,,,,,,,,,,,
component_correlation,v0.2_fundamentals_added,5d,,1034.0,,,,,trend_component,-0.1692779614588622,-0.2085301601382369,-0.2085301601382369,1034.0,trend_component IC=-0.21 is negative vs its 15% weight in score_5d — consider decreasing or removing,,,,,,,,,,,,,,,,,,,,
component_correlation,v0.2_fundamentals_added,5d,,1038.0,,,,,short_momentum_component,-0.2869393733368208,-0.3174135953446325,-0.3174135953446325,1038.0,short_momentum_component IC=-0.32 is negative vs its 15% weight in score_5d — consider decreasing or removing,,,,,,,,,,,,,,,,,,,,
component_correlation,v0.2_fundamentals_added,5d,,1036.0,,,,,momentum_component_20d,-0.3144577797001575,-0.3540650878367737,-0.3540650878367737,1036.0,,,,,,,,,,,,,,,,,,,,,
component_correlation,v0.2_fundamentals_added,5d,,1036.0,,,,,medium_momentum_component,-0.171202858007384,-0.1891478736417141,-0.1891478736417141,1036.0,,,,,,,,,,,,,,,,,,,,,
component_correlation,v0.2_fundamentals_added,5d,,1036.0,,,,,long_momentum_component,-0.0657756713037455,-0.0621944494035533,-0.0621944494035533,1036.0,,,,,,,,,,,,,,,,,,,,,
component_correlation,v0.2_fundamentals_added,5d,,1038.0,,,,,relative_strength_component_5d,-0.321591076553772,-0.3609786567645653,-0.3609786567645653,1038.0,relative_strength_component_5d IC=-0.36 is negative vs its 15% weight in score_5d — consider decreasing or removing,,,,,,,,,,,,,,,,,,,,
component_correlation,v0.2_fundamentals_added,5d,,1036.0,,,,,relative_strength_component_20d,-0.3244597414708201,-0.3677786823580479,-0.3677786823580479,1036.0,,,,,,,,,,,,,,,,,,,,,
component_correlation,v0.2_fundamentals_added,5d,,1036.0,,,,,relative_strength_component_60d,-0.168799926423981,-0.1784968160115503,-0.1784968160115503,1036.0,,,,,,,,,,,,,,,,,,,,,
component_correlation,v0.2_fundamentals_added,5d,,1036.0,,,,,relative_strength_component_120d,-0.1306226484539651,-0.1412516156679731,-0.1412516156679731,1036.0,,,,,,,,,,,,,,,,,,,,,
component_correlation,v0.2_fundamentals_added,5d,,1038.0,,,,,volume_behavior_component,-0.1291572854767918,-0.1868555644804964,-0.1868555644804964,1038.0,volume_behavior_component IC=-0.19 is negative vs its 5% weight in score_5d — consider decreasing or removing,,,,,,,,,,,,,,,,,,,,
component_correlation,v0.2_fundamentals_added,5d,,1036.0,,,,,risk_component,-0.086243974939411,-0.1224654526260666,-0.1224654526260666,1036.0,risk_component IC=-0.12 is negative vs its 10% weight in score_5d — consider decreasing or removing,,,,,,,,,,,,,,,,,,,,
component_correlation,v0.2_fundamentals_added,5d,,1036.0,,,,,setup_component,-0.1530651618533426,-0.1878346497792317,-0.1878346497792317,1036.0,,,,,,,,,,,,,,,,,,,,,
component_correlation,v0.2_fundamentals_added,5d,,1040.0,,,,,market_regime_component,0.0644447366700811,0.0904875527297852,0.0904875527297852,1040.0,,,,,,,,,,,,,,,,,,,,,
component_correlation,v0.2_fundamentals_added,5d,,1040.0,,,,,value_component,0.043063448663481,0.0141882440295133,0.0141882440295133,1040.0,value_component IC=0.01 is weak — its 15% weight in score_5d doesn't look clearly mis-sized,,,,,,,,,,,,,,,,,,,,
component_correlation,v0.2_fundamentals_added,5d,,1012.0,,,,,quality_component,0.0701031068421141,0.0775806341424896,0.0775806341424896,1012.0,quality_component IC=0.08 is weak — its 15% weight in score_5d doesn't look clearly mis-sized,,,,,,,,,,,,,,,,,,,,
component_correlation,v0.2_fundamentals_added,5d,,1004.0,,,,,short_interest_component,0.0631861537130022,0.100820563159832,0.100820563159832,1004.0,short_interest_component IC=0.10 is meaningfully positive vs its 10% weight in score_5d — consider increasing,,,,,,,,,,,,,,,,,,,,
component_correlation,v0.2_fundamentals_added,20d,,1034.0,,,,,trend_component,-0.2699073286115021,-0.2758668449544066,-0.2758668449544066,1034.0,trend_component IC=-0.28 is negative vs its 18% weight in score_20d — consider decreasing or removing,,,,,,,,,,,,,,,,,,,,
component_correlation,v0.2_fundamentals_added,20d,,1038.0,,,,,short_momentum_component,-0.1361700785936271,-0.1334247850046724,-0.1334247850046724,1038.0,,,,,,,,,,,,,,,,,,,,,
component_correlation,v0.2_fundamentals_added,20d,,1036.0,,,,,momentum_component_20d,-0.2798388933707358,-0.2823355259302963,-0.2823355259302963,1036.0,momentum_component_20d IC=-0.28 is negative vs its 15% weight in score_20d — consider decreasing or removing,,,,,,,,,,,,,,,,,,,,
component_correlation,v0.2_fundamentals_added,20d,,1036.0,,,,,medium_momentum_component,-0.3078069371656502,-0.3018141530558483,-0.3018141530558483,1036.0,,,,,,,,,,,,,,,,,,,,,
component_correlation,v0.2_fundamentals_added,20d,,1036.0,,,,,long_momentum_component,-0.2735664384784765,-0.2568885889096922,-0.2568885889096922,1036.0,,,,,,,,,,,,,,,,,,,,,
component_correlation,v0.2_fundamentals_added,20d,,1038.0,,,,,relative_strength_component_5d,-0.1562180376254163,-0.1564250331949352,-0.1564250331949352,1038.0,,,,,,,,,,,,,,,,,,,,,
component_correlation,v0.2_fundamentals_added,20d,,1036.0,,,,,relative_strength_component_20d,-0.3679171647607264,-0.3710691860625008,-0.3710691860625008,1036.0,relative_strength_component_20d IC=-0.37 is negative vs its 15% weight in score_20d — consider decreasing or removing,,,,,,,,,,,,,,,,,,,,
component_correlation,v0.2_fundamentals_added,20d,,1036.0,,,,,relative_strength_component_60d,-0.3566800549870274,-0.3432533743769732,-0.3432533743769732,1036.0,,,,,,,,,,,,,,,,,,,,,
component_correlation,v0.2_fundamentals_added,20d,,1036.0,,,,,relative_strength_component_120d,-0.3133825776309207,-0.3065718976448742,-0.3065718976448742,1036.0,,,,,,,,,,,,,,,,,,,,,
component_correlation,v0.2_fundamentals_added,20d,,1038.0,,,,,volume_behavior_component,-0.0555859341609849,-0.0630176605679396,-0.0630176605679396,1038.0,,,,,,,,,,,,,,,,,,,,,
component_correlation,v0.2_fundamentals_added,20d,,1036.0,,,,,risk_component,-0.1209720015115282,-0.1670115638791574,-0.1670115638791574,1036.0,risk_component IC=-0.17 is negative vs its 10% weight in score_20d — consider decreasing or removing,,,,,,,,,,,,,,,,,,,,
component_correlation,v0.2_fundamentals_added,20d,,1036.0,,,,,setup_component,-0.1318121895589778,-0.1538591624366296,-0.1538591624366296,1036.0,,,,,,,,,,,,,,,,,,,,,
component_correlation,v0.2_fundamentals_added,20d,,1040.0,,,,,market_regime_component,0.0140709542912561,-0.0069096145396616,-0.0069096145396616,1040.0,market_regime_component IC=-0.01 is weak — its 5% weight in score_20d doesn't look clearly mis-sized,,,,,,,,,,,,,,,,,,,,
component_correlation,v0.2_fundamentals_added,20d,,1040.0,,,,,value_component,0.217039437865025,0.1568977302189072,0.1568977302189072,1040.0,value_component IC=0.16 is meaningfully positive vs its 15% weight in score_20d — consider increasing,,,,,,,,,,,,,,,,,,,,
component_correlation,v0.2_fundamentals_added,20d,,1012.0,,,,,quality_component,0.0145206877317831,0.0025190443769083,0.0025190443769083,1012.0,quality_component IC=0.00 is weak — its 15% weight in score_20d doesn't look clearly mis-sized,,,,,,,,,,,,,,,,,,,,
component_correlation,v0.2_fundamentals_added,20d,,1004.0,,,,,short_interest_component,-0.026659063513846,-0.0290519427969985,-0.0290519427969985,1004.0,short_interest_component IC=-0.03 is weak — its 7% weight in score_20d doesn't look clearly mis-sized,,,,,,,,,,,,,,,,,,,,
decile,v0.2_fundamentals_added,5d,,,-0.0101817372141664,-0.0081705837151568,34.31372549019608,,,,,,,,1.0,2.0,51.0,equal_weight_per_day,,,,,,,,,,,,,,,,
decile,v0.2_fundamentals_added,5d,,,-0.0078946898698097,-0.0085628418584785,36.53846153846154,,,,,,,,2.0,2.0,52.0,equal_weight_per_day,,,,,,,,,,,,,,,,
decile,v0.2_fundamentals_added,5d,,,-0.0117470360945768,-0.0137340870961676,28.846153846153843,,,,,,,,3.0,2.0,52.0,equal_weight_per_day,,,,,,,,,,,,,,,,
decile,v0.2_fundamentals_added,5d,,,-0.0140997239838298,-0.004236147218618,40.19607843137256,,,,,,,,4.0,2.0,51.0,equal_weight_per_day,,,,,,,,,,,,,,,,
decile,v0.2_fundamentals_added,5d,,,-0.0074215754086806,-0.0059232453762361,44.230769230769226,,,,,,,,5.0,2.0,52.0,equal_weight_per_day,,,,,,,,,,,,,,,,
decile,v0.2_fundamentals_added,5d,,,-0.0058919843122943,-0.0031676558526865,44.230769230769226,,,,,,,,6.0,2.0,52.0,equal_weight_per_day,,,,,,,,,,,,,,,,
decile,v0.2_fundamentals_added,5d,,,0.0034373470577929,0.0060012035094186,54.90196078431372,,,,,,,,7.0,2.0,51.0,equal_weight_per_day,,,,,,,,,,,,,,,,
decile,v0.2_fundamentals_added,5d,,,0.0056774654243203,0.00246548016197,53.84615384615385,,,,,,,,8.0,2.0,52.0,equal_weight_per_day,,,,,,,,,,,,,,,,
decile,v0.2_fundamentals_added,5d,,,0.0118653780303115,0.0161704429031585,62.5,,,,,,,,9.0,2.0,52.0,equal_weight_per_day,,,,,,,,,,,,,,,,
decile,v0.2_fundamentals_added,5d,,,0.0177280739784983,0.0173553717679554,69.23076923076923,,,,,,,,10.0,2.0,52.0,equal_weight_per_day,,,,,,,,,,,,,,,,
decile_spread,v0.2_fundamentals_added,5d,,,,,,,,,,,,,,2.0,,,-0.0101817372141664,0.0177280739784983,-0.0279098111926648,-0.0279098111926648,0.0026216981423118,0.0,-10.64569972500857,10.0,30.0,2.0,0.0,False,,,,
selection,v0.2_fundamentals_added,5d,,,-0.0258389016688498,-0.0271766184691015,33.33333333333333,,,,,,,,,2.0,3.0,,,,,,,,,,,,,False,top_3,3.0,-0.024015619327909,0.0
selection,v0.2_fundamentals_added,5d,,,-0.0214068551009444,-0.0138504332505509,15.0,,,,,,,,,2.0,10.0,,,,,,,,,,,,,False,top_10,10.0,-0.0195835727600036,0.0
selection,v0.2_fundamentals_added,5d,,,-0.0126744453999903,-0.0094036190598348,28.0,,,,,,,,,2.0,25.0,,,,,,,,,,,,,False,top_25,25.0,-0.0108511630590494,0.0
decile,v0.2_fundamentals_added,20d,,,-0.0250597010910574,-0.0218945322900127,27.45098039215686,,,,,,,,1.0,2.0,51.0,equal_weight_per_day,,,,,,,,,,,,,,,,
decile,v0.2_fundamentals_added,20d,,,-0.0191576755887409,-0.0180601304136516,34.61538461538461,,,,,,,,2.0,2.0,52.0,equal_weight_per_day,,,,,,,,,,,,,,,,
decile,v0.2_fundamentals_added,20d,,,-0.0053732641446183,-0.0030273971317228,48.07692307692308,,,,,,,,3.0,2.0,52.0,equal_weight_per_day,,,,,,,,,,,,,,,,
decile,v0.2_fundamentals_added,20d,,,-0.0048712562004261,0.0022282967059168,51.96078431372549,,,,,,,,4.0,2.0,51.0,equal_weight_per_day,,,,,,,,,,,,,,,,
decile,v0.2_fundamentals_added,20d,,,0.0107483928785698,0.0069004896958196,54.80769230769231,,,,,,,,5.0,2.0,52.0,equal_weight_per_day,,,,,,,,,,,,,,,,
decile,v0.2_fundamentals_added,20d,,,0.0150361117204821,0.0200253070872496,61.53846153846153,,,,,,,,6.0,2.0,52.0,equal_weight_per_day,,,,,,,,,,,,,,,,
decile,v0.2_fundamentals_added,20d,,,0.0173667675236263,0.0240291420133667,62.74509803921568,,,,,,,,7.0,2.0,51.0,equal_weight_per_day,,,,,,,,,,,,,,,,
decile,v0.2_fundamentals_added,20d,,,0.030651717702606,0.0244571643139008,65.38461538461539,,,,,,,,8.0,2.0,52.0,equal_weight_per_day,,,,,,,,,,,,,,,,
decile,v0.2_fundamentals_added,20d,,,0.0516113228329898,0.0435949220243762,74.03846153846155,,,,,,,,9.0,2.0,52.0,equal_weight_per_day,,,,,,,,,,,,,,,,
decile,v0.2_fundamentals_added,20d,,,0.0441188714352426,0.046624122555108,62.5,,,,,,,,10.0,2.0,52.0,equal_weight_per_day,,,,,,,,,,,,,,,,
decile_spread,v0.2_fundamentals_added,20d,,,,,,,,,,,,,,2.0,,,-0.0250597010910574,0.0441188714352426,-0.0691785725263,-0.0691785725263,0.0157477216400496,0.0,-4.392925789999052,10.0,30.0,2.0,0.0,False,,,,
selection,v0.2_fundamentals_added,20d,,,-0.0270723277380342,-0.0207692042709273,33.33333333333333,,,,,,,,,2.0,3.0,,,,,,,,,,,,,False,top_3,3.0,-0.0386705310597729,0.0
selection,v0.2_fundamentals_added,20d,,,-0.0151195671096131,-0.0193625912141551,30.0,,,,,,,,,2.0,10.0,,,,,,,,,,,,,False,top_10,10.0,-0.0267177704313518,0.0
selection,v0.2_fundamentals_added,20d,,,-0.0235521174799906,-0.023916347907143,28.000000000000004,,,,,,,,,2.0,25.0,,,,,,,,,,,,,False,top_25,25.0,-0.0351503208017293,0.0
decile_spread,v0.2_fundamentals_added,60d,,,,,,,,,,,,,,0.0,,,,,,,,,,10.0,30.0,0.0,0.0,False,,,,
decile_spread,v0.2_fundamentals_added,120d,,,,,,,,,,,,,,0.0,,,,,,,,,,10.0,30.0,0.0,0.0,False,,,,
bucket,v0.4_edgar_pit_fundamentals,5d,decent,29176.0,0.000266100335178,-0.0005896124606587,48.55017822868111,,,,,,,,,,,,,,,,,,,,,,,,,,,
bucket,v0.4_edgar_pit_fundamentals,5d,strong,1071.0,0.0014587038711776,0.0007868133828029,51.07376283846872,,,,,,,,,,,,,,,,,,,,,,,,,,,
bucket,v0.4_edgar_pit_fundamentals,5d,watchlist,55273.0,2.1476281093136088e-05,-0.0009511838819087,48.34186673421019,,,,,,,,,,,,,,,,,,,,,,,,,,,
bucket,v0.4_edgar_pit_fundamentals,5d,weak,87466.0,0.0011974884723122,0.0003527885944575,50.48933299796492,,,,,,,,,,,,,,,,,,,,,,,,,,,
bucket,v0.4_edgar_pit_fundamentals,20d,decent,38376.0,0.0036346721207519,-0.0013235556759013,48.574629977069,7.220225168362171,,,,,,,,,,,,,,,,,,,,,,,,,,
bucket,v0.4_edgar_pit_fundamentals,20d,strong,2595.0,0.00792203962803,0.0,47.97687861271676,6.919288437720365,,,,,,,,,,,,,,,,,,,,,,,,,,
bucket,v0.4_edgar_pit_fundamentals,20d,watchlist,44107.0,0.0026247044860602,-0.0017285855347737,48.69295123223071,7.307119727686855,,,,,,,,,,,,,,,,,,,,,,,,,,
bucket,v0.4_edgar_pit_fundamentals,20d,weak,80138.0,0.0013820243018521,-0.0019931508196232,48.68976016371759,7.683185595242059,,,,,,,,,,,,,,,,,,,,,,,,,,
bucket,v0.4_edgar_pit_fundamentals,60d,decent,35318.0,0.0253956770653562,0.0011285902249718,50.35109575853672,13.036871025186151,,,,,,,,,,,,,,,,,,,,,,,,,,
bucket,v0.4_edgar_pit_fundamentals,60d,strong,3198.0,0.0438831995762914,0.0078935223657696,52.78298936835522,13.008180589047369,,,,,,,,,,,,,,,,,,,,,,,,,,
bucket,v0.4_edgar_pit_fundamentals,60d,watchlist,37319.0,0.0062129344147296,-0.0064495791443656,47.3699724001179,12.830186774839076,,,,,,,,,,,,,,,,,,,,,,,,,,
bucket,v0.4_edgar_pit_fundamentals,60d,weak,68661.0,-0.0057042757468562,-0.0135044335349434,45.52802901210294,13.992125432273143,,,,,,,,,,,,,,,,,,,,,,,,,,
bucket,v0.4_edgar_pit_fundamentals,120d,decent,29958.0,0.0611994429667401,0.0100525886811086,52.323252553575,,,,,,,,,,,,,,,,,,,,,,,,,,,
bucket,v0.4_edgar_pit_fundamentals,120d,strong,3269.0,0.1225553186963898,0.0037831808630461,50.90241664117468,,,,,,,,,,,,,,,,,,,,,,,,,,,
bucket,v0.4_edgar_pit_fundamentals,120d,watchlist,27601.0,0.0154963650522803,-0.0115460668803605,47.06351219158726,,,,,,,,,,,,,,,,,,,,,,,,,,,
bucket,v0.4_edgar_pit_fundamentals,120d,weak,52588.0,-0.0185611670795628,-0.0416892189654881,40.73552901802693,,,,,,,,,,,,,,,,,,,,,,,,,,,
component_correlation,v0.4_edgar_pit_fundamentals,5d,,172986.0,,,,,trend_component,-0.003370476000405,-0.0108427002450248,,0.0,trend_component IC=-0.01 is weak — its 15% weight in score_5d doesn't look clearly mis-sized,,,,,,,,,,,,,,,,,,,,
component_correlation,v0.4_edgar_pit_fundamentals,5d,,265942.0,,,,,short_momentum_component,-0.000660603317478,-0.0076364756364447,,0.0,short_momentum_component IC=-0.01 is weak — its 15% weight in score_5d doesn't look clearly mis-sized,,,,,,,,,,,,,,,,,,,,
component_correlation,v0.4_edgar_pit_fundamentals,5d,,245127.0,,,,,momentum_component_20d,0.0087110880226514,-0.0004035017336954,,0.0,,,,,,,,,,,,,,,,,,,,,
component_correlation,v0.4_edgar_pit_fundamentals,5d,,213987.0,,,,,medium_momentum_component,0.0098498385924599,0.0020152142173166,,0.0,,,,,,,,,,,,,,,,,,,,,
component_correlation,v0.4_edgar_pit_fundamentals,5d,,213987.0,,,,,long_momentum_component,0.01040128268363,0.0064684496697423,,0.0,,,,,,,,,,,,,,,,,,,,,
component_correlation,v0.4_edgar_pit_fundamentals,5d,,265942.0,,,,,relative_strength_component_5d,0.0007774634767456,-0.006300995907091,,0.0,relative_strength_component_5d IC=-0.01 is weak — its 15% weight in score_5d doesn't look clearly mis-sized,,,,,,,,,,,,,,,,,,,,
component_correlation,v0.4_edgar_pit_fundamentals,5d,,245127.0,,,,,relative_strength_component_20d,0.0121504569851608,0.0064767620397435,,0.0,,,,,,,,,,,,,,,,,,,,,
component_correlation,v0.4_edgar_pit_fundamentals,5d,,213987.0,,,,,relative_strength_component_60d,0.0062706408589442,0.0033723410179815,,0.0,,,,,,,,,,,,,,,,,,,,,
component_correlation,v0.4_edgar_pit_fundamentals,5d,,213987.0,,,,,relative_strength_component_120d,0.0076811666853067,0.0060220797426033,,0.0,,,,,,,,,,,,,,,,,,,,,
component_correlation,v0.4_edgar_pit_fundamentals,5d,,266463.0,,,,,volume_behavior_component,-0.0028102331958544,-0.0084681128908594,,0.0,volume_behavior_component IC=-0.01 is weak — its 5% weight in score_5d doesn't look clearly mis-sized,,,,,,,,,,,,,,,,,,,,
component_correlation,v0.4_edgar_pit_fundamentals,5d,,245127.0,,,,,risk_component,-0.0303919918628958,-0.0187512383493646,,0.0,risk_component IC=-0.02 is weak — its 10% weight in score_5d doesn't look clearly mis-sized,,,,,,,,,,,,,,,,,,,,
component_correlation,v0.4_edgar_pit_fundamentals,5d,,245646.0,,,,,setup_component,-0.0092222725954072,-0.0089345463187011,,0.0,,,,,,,,,,,,,,,,,,,,,
component_correlation,v0.4_edgar_pit_fundamentals,5d,,174370.0,,,,,market_regime_component,-0.0060086416336563,-0.0134861725152239,,0.0,,,,,,,,,,,,,,,,,,,,,
component_correlation,v0.4_edgar_pit_fundamentals,5d,,263523.0,,,,,value_component,0.0152509231149343,0.013959186266979,,0.0,value_component IC=0.01 is weak — its 15% weight in score_5d doesn't look clearly mis-sized,,,,,,,,,,,,,,,,,,,,
component_correlation,v0.4_edgar_pit_fundamentals,5d,,264337.0,,,,,quality_component,-0.0192687705693459,-0.0152198628421959,,0.0,quality_component IC=-0.02 is weak — its 15% weight in score_5d doesn't look clearly mis-sized,,,,,,,,,,,,,,,,,,,,
component_correlation,v0.4_edgar_pit_fundamentals,20d,,165216.0,,,,,trend_component,0.0228692994968478,0.0086933152588312,,0.0,trend_component IC=0.01 is weak — its 18% weight in score_20d doesn't look clearly mis-sized,,,,,,,,,,,,,,,,,,,,
component_correlation,v0.4_edgar_pit_fundamentals,20d,,258127.0,,,,,short_momentum_component,0.0134287022920091,0.0033713983490578,,0.0,,,,,,,,,,,,,,,,,,,,,
component_correlation,v0.4_edgar_pit_fundamentals,20d,,237342.0,,,,,momentum_component_20d,0.0245350965997896,0.0123401058861963,,0.0,momentum_component_20d IC=0.01 is weak — its 15% weight in score_20d doesn't look clearly mis-sized,,,,,,,,,,,,,,,,,,,,
component_correlation,v0.4_edgar_pit_fundamentals,20d,,206202.0,,,,,medium_momentum_component,0.0227222044544342,0.0017472091114717,,0.0,,,,,,,,,,,,,,,,,,,,,
component_correlation,v0.4_edgar_pit_fundamentals,20d,,206202.0,,,,,long_momentum_component,0.0285247645397125,0.0102952861719474,,0.0,,,,,,,,,,,,,,,,,,,,,
component_correlation,v0.4_edgar_pit_fundamentals,20d,,258127.0,,,,,relative_strength_component_5d,0.015570175750612,0.0107394531220155,,0.0,,,,,,,,,,,,,,,,,,,,,
component_correlation,v0.4_edgar_pit_fundamentals,20d,,237342.0,,,,,relative_strength_component_20d,0.0275985271227615,0.0163278389657644,,0.0,relative_strength_component_20d IC=0.02 is weak — its 15% weight in score_20d doesn't look clearly mis-sized,,,,,,,,,,,,,,,,,,,,
component_correlation,v0.4_edgar_pit_fundamentals,20d,,206202.0,,,,,relative_strength_component_60d,0.0155669155825005,0.0011248779692007,,0.0,,,,,,,,,,,,,,,,,,,,,
component_correlation,v0.4_edgar_pit_fundamentals,20d,,206202.0,,,,,relative_strength_component_120d,0.0209412187547491,0.0092927918267879,,0.0,,,,,,,,,,,,,,,,,,,,,
component_correlation,v0.4_edgar_pit_fundamentals,20d,,258648.0,,,,,volume_behavior_component,0.0003589777612539,7.21254731368659e-05,,0.0,,,,,,,,,,,,,,,,,,,,,
component_correlation,v0.4_edgar_pit_fundamentals,20d,,237342.0,,,,,risk_component,-0.0562696609094421,-0.0276167395134132,,0.0,risk_component IC=-0.03 is weak — its 10% weight in score_20d doesn't look clearly mis-sized,,,,,,,,,,,,,,,,,,,,
component_correlation,v0.4_edgar_pit_fundamentals,20d,,237861.0,,,,,setup_component,0.0005506148525964,0.0065469773563066,,0.0,,,,,,,,,,,,,,,,,,,,,
component_correlation,v0.4_edgar_pit_fundamentals,20d,,166555.0,,,,,market_regime_component,-0.0048980643144389,-0.0103051451392132,,0.0,market_regime_component IC=-0.01 is weak — its 5% weight in score_20d doesn't look clearly mis-sized,,,,,,,,,,,,,,,,,,,,
component_correlation,v0.4_edgar_pit_fundamentals,20d,,256084.0,,,,,value_component,0.0297050222153109,0.0277275808042061,,0.0,value_component IC=0.03 is weak — its 15% weight in score_20d doesn't look clearly mis-sized,,,,,,,,,,,,,,,,,,,,
component_correlation,v0.4_edgar_pit_fundamentals,20d,,256853.0,,,,,quality_component,-0.0377206657646752,-0.0253135470251886,,0.0,quality_component IC=-0.03 is weak — its 15% weight in score_20d doesn't look clearly mis-sized,,,,,,,,,,,,,,,,,,,,
component_correlation,v0.4_edgar_pit_fundamentals,60d,,144496.0,,,,,trend_component,0.0685672783860029,0.0556187714820752,,0.0,trend_component IC=0.06 is weak — its 20% weight in score_60d doesn't look clearly mis-sized,,,,,,,,,,,,,,,,,,,,
component_correlation,v0.4_edgar_pit_fundamentals,60d,,237342.0,,,,,short_momentum_component,0.0340602089875349,0.0136529553367216,,0.0,,,,,,,,,,,,,,,,,,,,,
component_correlation,v0.4_edgar_pit_fundamentals,60d,,216582.0,,,,,momentum_component_20d,0.0449753110803301,0.0173421673608602,,0.0,,,,,,,,,,,,,,,,,,,,,
component_correlation,v0.4_edgar_pit_fundamentals,60d,,185442.0,,,,,medium_momentum_component,0.0568393543839469,0.0205917490081381,,0.0,medium_momentum_component IC=0.02 is weak — its 15% weight in score_60d doesn't look clearly mis-sized,,,,,,,,,,,,,,,,,,,,
component_correlation,v0.4_edgar_pit_fundamentals,60d,,185442.0,,,,,long_momentum_component,0.0779031132577315,0.0485671812010993,,0.0,,,,,,,,,,,,,,,,,,,,,
component_correlation,v0.4_edgar_pit_fundamentals,60d,,237342.0,,,,,relative_strength_component_5d,0.034489777960446,0.0185990957924464,,0.0,,,,,,,,,,,,,,,,,,,,,
component_correlation,v0.4_edgar_pit_fundamentals,60d,,216582.0,,,,,relative_strength_component_20d,0.0453033995526264,0.0151855198818209,,0.0,,,,,,,,,,,,,,,,,,,,,
component_correlation,v0.4_edgar_pit_fundamentals,60d,,185442.0,,,,,relative_strength_component_60d,0.0565264454009809,0.0265153713883559,,0.0,relative_strength_component_60d IC=0.03 is weak — its 18% weight in score_60d doesn't look clearly mis-sized,,,,,,,,,,,,,,,,,,,,
component_correlation,v0.4_edgar_pit_fundamentals,60d,,185442.0,,,,,relative_strength_component_120d,0.0683964954751689,0.0445705135555061,,0.0,,,,,,,,,,,,,,,,,,,,,
component_correlation,v0.4_edgar_pit_fundamentals,60d,,237861.0,,,,,volume_behavior_component,0.0042713261968571,-0.0011781263875053,,0.0,,,,,,,,,,,,,,,,,,,,,
component_correlation,v0.4_edgar_pit_fundamentals,60d,,216582.0,,,,,risk_component,-0.0920531023249389,-0.0323730731637249,,0.0,risk_component IC=-0.03 is weak — its 8% weight in score_60d doesn't look clearly mis-sized,,,,,,,,,,,,,,,,,,,,
component_correlation,v0.4_edgar_pit_fundamentals,60d,,217101.0,,,,,setup_component,-0.0017776456610879,0.0074770788963819,,0.0,,,,,,,,,,,,,,,,,,,,,
component_correlation,v0.4_edgar_pit_fundamentals,60d,,145730.0,,,,,market_regime_component,7.446601120396659e-06,-0.0142406207669716,,0.0,market_regime_component IC=-0.01 is weak — its 2% weight in score_60d doesn't look clearly mis-sized,,,,,,,,,,,,,,,,,,,,
component_correlation,v0.4_edgar_pit_fundamentals,60d,,236257.0,,,,,value_component,0.0518291827452798,0.0588632363664445,,0.0,value_component IC=0.06 is weak — its 17% weight in score_60d doesn't look clearly mis-sized,,,,,,,,,,,,,,,,,,,,
component_correlation,v0.4_edgar_pit_fundamentals,60d,,236933.0,,,,,quality_component,-0.066322993958623,-0.0422125685118665,,0.0,quality_component IC=-0.04 is weak — its 15% weight in score_60d doesn't look clearly mis-sized,,,,,,,,,,,,,,,,,,,,
component_correlation,v0.4_edgar_pit_fundamentals,120d,,113416.0,,,,,trend_component,0.1024496115374674,0.1131259510790791,,0.0,trend_component IC=0.11 is meaningfully positive vs its 22% weight in score_120d — consider increasing,,,,,,,,,,,,,,,,,,,,
component_correlation,v0.4_edgar_pit_fundamentals,120d,,206202.0,,,,,short_momentum_component,0.0464346195151329,0.0290653517781842,,0.0,,,,,,,,,,,,,,,,,,,,,
component_correlation,v0.4_edgar_pit_fundamentals,120d,,185442.0,,,,,momentum_component_20d,0.0701345330323402,0.0492499864455771,,0.0,,,,,,,,,,,,,,,,,,,,,
component_correlation,v0.4_edgar_pit_fundamentals,120d,,154338.0,,,,,medium_momentum_component,0.1019325506876672,0.0790443291754094,,0.0,,,,,,,,,,,,,,,,,,,,,
component_correlation,v0.4_edgar_pit_fundamentals,120d,,154338.0,,,,,long_momentum_component,0.099856355595865,0.0856205519018635,,0.0,long_momentum_component IC=0.09 is weak — its 15% weight in score_120d doesn't look clearly mis-sized,,,,,,,,,,,,,,,,,,,,
component_correlation,v0.4_edgar_pit_fundamentals,120d,,206202.0,,,,,relative_strength_component_5d,0.044796376019928,0.0314614739209126,,0.0,,,,,,,,,,,,,,,,,,,,,
component_correlation,v0.4_edgar_pit_fundamentals,120d,,185442.0,,,,,relative_strength_component_20d,0.0788145278205015,0.0591377812778665,,0.0,,,,,,,,,,,,,,,,,,,,,
component_correlation,v0.4_edgar_pit_fundamentals,120d,,154338.0,,,,,relative_strength_component_60d,0.1000030860271146,0.0851348847452902,,0.0,,,,,,,,,,,,,,,,,,,,,
component_correlation,v0.4_edgar_pit_fundamentals,120d,,154338.0,,,,,relative_strength_component_120d,0.1013138843915693,0.0944018038213995,,0.0,relative_strength_component_120d IC=0.09 is weak — its 18% weight in score_120d doesn't look clearly mis-sized,,,,,,,,,,,,,,,,,,,,
component_correlation,v0.4_edgar_pit_fundamentals,120d,,206721.0,,,,,volume_behavior_component,0.0123489501657914,0.0108840812276448,,0.0,,,,,,,,,,,,,,,,,,,,,
component_correlation,v0.4_edgar_pit_fundamentals,120d,,185442.0,,,,,risk_component,-0.1062792157583057,-0.0167145203800555,,0.0,risk_component IC=-0.02 is weak — its 8% weight in score_120d doesn't look clearly mis-sized,,,,,,,,,,,,,,,,,,,,
component_correlation,v0.4_edgar_pit_fundamentals,120d,,185961.0,,,,,setup_component,0.0071981798729158,0.0321502112628981,,0.0,,,,,,,,,,,,,,,,,,,,,
component_correlation,v0.4_edgar_pit_fundamentals,120d,,114590.0,,,,,market_regime_component,0.016121543759314,-0.0178858143625413,,0.0,market_regime_component IC=-0.02 is weak — its 2% weight in score_120d doesn't look clearly mis-sized,,,,,,,,,,,,,,,,,,,,
component_correlation,v0.4_edgar_pit_fundamentals,120d,,206497.0,,,,,value_component,0.0874756494251003,0.0931950782953311,,0.0,value_component IC=0.09 is weak — its 15% weight in score_120d doesn't look clearly mis-sized,,,,,,,,,,,,,,,,,,,,
component_correlation,v0.4_edgar_pit_fundamentals,120d,,207041.0,,,,,quality_component,-0.0825309682678206,-0.062280721357374,,0.0,quality_component IC=-0.06 is negative vs its 15% weight in score_120d — consider decreasing or removing,,,,,,,,,,,,,,,,,,,,
decile,v0.4_edgar_pit_fundamentals,5d,,,0.0002938773752081,-0.0004331444383031,48.67632512945831,,,,,,,,1.0,337.0,50.6,equal_weight_per_day,,,,,,,,,,,,,,,,
decile,v0.4_edgar_pit_fundamentals,5d,,,-0.0002042140629517,-0.0008909498536474,48.52202693448984,,,,,,,,2.0,337.0,51.6,equal_weight_per_day,,,,,,,,,,,,,,,,
decile,v0.4_edgar_pit_fundamentals,5d,,,0.0002101643963573,-0.0007651033223529,48.635260997802455,,,,,,,,3.0,337.0,51.5,equal_weight_per_day,,,,,,,,,,,,,,,,
decile,v0.4_edgar_pit_fundamentals,5d,,,0.0004429490961969,-0.0004602969506524,48.730032985574965,,,,,,,,4.0,337.0,51.2,equal_weight_per_day,,,,,,,,,,,,,,,,
decile,v0.4_edgar_pit_fundamentals,5d,,,-0.00053757520149,-0.0009325199535308,48.18053448268145,,,,,,,,5.0,337.0,51.6,equal_weight_per_day,,,,,,,,,,,,,,,,
decile,v0.4_edgar_pit_fundamentals,5d,,,0.0009438696037511,0.000232553552812,50.15843817554413,,,,,,,,6.0,337.0,51.0,equal_weight_per_day,,,,,,,,,,,,,,,,
decile,v0.4_edgar_pit_fundamentals,5d,,,0.0006061247701779,5.784390396857545e-07,49.849506111506464,,,,,,,,7.0,337.0,51.2,equal_weight_per_day,,,,,,,,,,,,,,,,
decile,v0.4_edgar_pit_fundamentals,5d,,,0.0015333665316112,0.0006375240031234,50.66754389498324,,,,,,,,8.0,337.0,51.5,equal_weight_per_day,,,,,,,,,,,,,,,,
decile,v0.4_edgar_pit_fundamentals,5d,,,0.0011083703194823,0.0006808910409559,50.42529908562375,,,,,,,,9.0,337.0,51.6,equal_weight_per_day,,,,,,,,,,,,,,,,
decile,v0.4_edgar_pit_fundamentals,5d,,,0.0020860074622971,0.0010497230671078,51.202160846077774,,,,,,,,10.0,337.0,51.6,equal_weight_per_day,,,,,,,,,,,,,,,,
decile_spread,v0.4_edgar_pit_fundamentals,5d,,,,,,,,,,,,,,337.0,,,0.0002938773752081,0.0020860074622971,-0.001792130087089,0.0012315022135162,0.0256121810261459,52.52225519287834,-0.5744509031218445,10.0,30.0,337.0,0.0,True,,,,
selection,v0.4_edgar_pit_fundamentals,5d,,,0.0007506133375238,0.0002005655593096,50.6429277942631,,,,,,,,,337.0,3.0,,,,,,,,,,,,,True,top_3,3.0,9.762594781451394e-05,53.11572700296736
selection,v0.4_edgar_pit_fundamentals,5d,,,-0.0001624892031275,-0.0008600699364634,49.10979228486647,,,,,,,,,337.0,10.0,,,,,,,,,,,,,True,top_10,10.0,-0.0008154765928368,51.632047477744806
selection,v0.4_edgar_pit_fundamentals,5d,,,0.000860485107053,-0.0002433335567963,49.19881305637982,,,,,,,,,337.0,25.0,,,,,,,,,,,,,True,top_25,25.0,0.0002074977173436,51.038575667655785
decile,v0.4_edgar_pit_fundamentals,20d,,,0.0047916042817508,-0.0016861955218746,48.09889173060529,,,,,,,,1.0,322.0,50.6,equal_weight_per_day,,,,,,,,,,,,,,,,
decile,v0.4_edgar_pit_fundamentals,20d,,,0.0029517205548516,-0.0021115341445758,48.741837872272654,,,,,,,,2.0,322.0,51.6,equal_weight_per_day,,,,,,,,,,,,,,,,
decile,v0.4_edgar_pit_fundamentals,20d,,,0.0036377461144727,-0.0018213305590219,48.47507564898869,,,,,,,,3.0,322.0,51.5,equal_weight_per_day,,,,,,,,,,,,,,,,
decile,v0.4_edgar_pit_fundamentals,20d,,,0.0029269713606793,-0.0010537413812306,49.0306155907179,,,,,,,,4.0,322.0,51.2,equal_weight_per_day,,,,,,,,,,,,,,,,
decile,v0.4_edgar_pit_fundamentals,20d,,,0.0028794407420154,-0.0005239684302514,49.27711887430558,,,,,,,,5.0,322.0,51.6,equal_weight_per_day,,,,,,,,,,,,,,,,
decile,v0.4_edgar_pit_fundamentals,20d,,,0.004185925791278,-0.0008527871415865,49.27480022109178,,,,,,,,6.0,322.0,51.0,equal_weight_per_day,,,,,,,,,,,,,,,,
decile,v0.4_edgar_pit_fundamentals,20d,,,0.0016451396759643,-0.0022189002750951,48.25878511939894,,,,,,,,7.0,322.0,51.1,equal_weight_per_day,,,,,,,,,,,,,,,,
decile,v0.4_edgar_pit_fundamentals,20d,,,0.001710986670853,-0.0019024750408442,48.36862838780997,,,,,,,,8.0,322.0,51.5,equal_weight_per_day,,,,,,,,,,,,,,,,
decile,v0.4_edgar_pit_fundamentals,20d,,,0.0012487989392165,-0.0011180699214689,49.19573180442745,,,,,,,,9.0,322.0,51.6,equal_weight_per_day,,,,,,,,,,,,,,,,
decile,v0.4_edgar_pit_fundamentals,20d,,,-0.0005138569362525,-0.0050376274547527,48.885172798216274,,,,,,,,10.0,322.0,51.6,equal_weight_per_day,,,,,,,,,,,,,,,,
decile_spread,v0.4_edgar_pit_fundamentals,20d,,,,,,,,,,,,,,322.0,,,0.0047916042817508,-0.0005138569362525,0.0053054612180034,0.0078863948645222,0.0509505702222451,59.3167701863354,0.4178178918244,10.0,30.0,322.0,0.0,True,,,,
selection,v0.4_edgar_pit_fundamentals,20d,,,0.0072596150823991,0.0050692032358253,50.82815734989647,,,,,,,,,322.0,3.0,,,,,,,,,,,,,True,top_3,3.0,0.0047005980185101,54.6583850931677
selection,v0.4_edgar_pit_fundamentals,20d,,,0.0039113100116441,-0.0013200082204208,47.17391304347826,,,,,,,,,322.0,10.0,,,,,,,,,,,,,True,top_10,10.0,0.0013522929477551,54.03726708074535
selection,v0.4_edgar_pit_fundamentals,20d,,,0.0059600755862044,-0.0008287100988909,47.97515527950311,,,,,,,,,322.0,25.0,,,,,,,,,,,,,True,top_25,25.0,0.0034010585223154,58.69565217391305
decile,v0.4_edgar_pit_fundamentals,60d,,,0.0308538620962262,0.0060551424019272,51.28076762619941,,,,,,,,1.0,282.0,50.5,equal_weight_per_day,,,,,,,,,,,,,,,,
decile,v0.4_edgar_pit_fundamentals,60d,,,0.0245199966020474,0.0018507401151327,50.22089577784196,,,,,,,,2.0,282.0,51.5,equal_weight_per_day,,,,,,,,,,,,,,,,
decile,v0.4_edgar_pit_fundamentals,60d,,,0.0181753126360266,-0.0016153372931544,48.669009338596325,,,,,,,,3.0,282.0,51.4,equal_weight_per_day,,,,,,,,,,,,,,,,
decile,v0.4_edgar_pit_fundamentals,60d,,,0.0135734567635501,-0.0032477485317525,48.50841864296182,,,,,,,,4.0,282.0,51.0,equal_weight_per_day,,,,,,,,,,,,,,,,
decile,v0.4_edgar_pit_fundamentals,60d,,,0.0089097019863907,-0.0027685519872384,48.888300546623455,,,,,,,,5.0,282.0,51.5,equal_weight_per_day,,,,,,,,,,,,,,,,
decile,v0.4_edgar_pit_fundamentals,60d,,,0.0028351464892853,-0.0049716966699975,48.11952440550688,,,,,,,,6.0,282.0,51.0,equal_weight_per_day,,,,,,,,,,,,,,,,
decile,v0.4_edgar_pit_fundamentals,60d,,,-0.0035767555397983,-0.008501457950778,46.85638030444039,,,,,,,,7.0,282.0,51.0,equal_weight_per_day,,,,,,,,,,,,,,,,
decile,v0.4_edgar_pit_fundamentals,60d,,,-0.0039844737489044,-0.0128292754936171,45.54384219590727,,,,,,,,8.0,282.0,51.4,equal_weight_per_day,,,,,,,,,,,,,,,,
decile,v0.4_edgar_pit_fundamentals,60d,,,-0.0125934639699928,-0.0209264502093831,43.46619171400148,,,,,,,,9.0,282.0,51.5,equal_weight_per_day,,,,,,,,,,,,,,,,
decile,v0.4_edgar_pit_fundamentals,60d,,,-0.0117180999797154,-0.0247687935891492,42.96917621385707,,,,,,,,10.0,282.0,51.5,equal_weight_per_day,,,,,,,,,,,,,,,,
decile_spread,v0.4_edgar_pit_fundamentals,60d,,,,,,,,,,,,,,282.0,,,0.0308538620962262,-0.0117180999797154,0.0425719620759417,0.0775704989568813,0.0960474167027622,74.46808510638297,0.960919279594012,10.0,30.0,282.0,0.0,True,,,,
selection,v0.4_edgar_pit_fundamentals,60d,,,0.0100451150732747,0.0132932920088458,46.45390070921985,,,,,,,,,282.0,3.0,,,,,,,,,,,,,True,top_3,3.0,0.0033530893092091,45.74468085106383
selection,v0.4_edgar_pit_fundamentals,60d,,,0.045116255782612,0.0181077660641587,52.340425531914896,,,,,,,,,282.0,10.0,,,,,,,,,,,,,True,top_10,10.0,0.0384242300185464,66.31205673758865
selection,v0.4_edgar_pit_fundamentals,60d,,,0.0396844459923043,0.0083000607237518,51.74468085106383,,,,,,,,,282.0,25.0,,,,,,,,,,,,,True,top_25,25.0,0.0329924202282387,77.6595744680851
decile,v0.4_edgar_pit_fundamentals,120d,,,0.0870156804546206,0.022721417582233,52.669139727963255,,,,,,,,1.0,222.0,50.4,equal_weight_per_day,,,,,,,,,,,,,,,,
decile,v0.4_edgar_pit_fundamentals,120d,,,0.06236502713965,0.009934170452072,51.574708192355246,,,,,,,,2.0,222.0,51.4,equal_weight_per_day,,,,,,,,,,,,,,,,
decile,v0.4_edgar_pit_fundamentals,120d,,,0.0514872196038361,0.0070474566632698,50.95049800932154,,,,,,,,3.0,222.0,51.2,equal_weight_per_day,,,,,,,,,,,,,,,,
decile,v0.4_edgar_pit_fundamentals,120d,,,0.0208742779081285,-0.0044560442152625,48.27904827904828,,,,,,,,4.0,222.0,50.8,equal_weight_per_day,,,,,,,,,,,,,,,,
decile,v0.4_edgar_pit_fundamentals,120d,,,0.0141496391219055,-0.0101351972205488,47.0900765018412,,,,,,,,5.0,222.0,51.4,equal_weight_per_day,,,,,,,,,,,,,,,,
decile,v0.4_edgar_pit_fundamentals,120d,,,0.0051656883526401,-0.0179576810864002,45.67479243949833,,,,,,,,6.0,222.0,51.0,equal_weight_per_day,,,,,,,,,,,,,,,,
decile,v0.4_edgar_pit_fundamentals,120d,,,-0.0051961423900406,-0.0237517226542994,44.67374614433437,,,,,,,,7.0,222.0,50.8,equal_weight_per_day,,,,,,,,,,,,,,,,
decile,v0.4_edgar_pit_fundamentals,120d,,,-0.0173535815309235,-0.0336493551678332,41.74174174174174,,,,,,,,8.0,222.0,51.2,equal_weight_per_day,,,,,,,,,,,,,,,,
decile,v0.4_edgar_pit_fundamentals,120d,,,-0.0218440242849516,-0.0441941287620646,38.840141046023405,,,,,,,,9.0,222.0,51.4,equal_weight_per_day,,,,,,,,,,,,,,,,
decile,v0.4_edgar_pit_fundamentals,120d,,,-0.0393338455748367,-0.0695214458172833,35.325710325710325,,,,,,,,10.0,222.0,51.4,equal_weight_per_day,,,,,,,,,,,,,,,,
decile_spread,v0.4_edgar_pit_fundamentals,120d,,,,,,,,,,,,,,222.0,,,0.0870156804546206,-0.0393338455748367,0.1263495260294573,0.1697946129702184,0.1639557168836778,79.27927927927928,1.0481728754244184,10.0,30.0,222.0,0.0,True,,,,
selection,v0.4_edgar_pit_fundamentals,120d,,,0.0679228416759887,0.0604755679270968,54.65465465465465,,,,,,,,,222.0,3.0,,,,,,,,,,,,,True,top_3,3.0,0.0522161371209509,65.31531531531532
selection,v0.4_edgar_pit_fundamentals,120d,,,0.1371961899198366,0.0360096562907922,51.35135135135136,,,,,,,,,222.0,10.0,,,,,,,,,,,,,True,top_10,10.0,0.1214894853647989,72.97297297297297
selection,v0.4_edgar_pit_fundamentals,120d,,,0.1165202633358305,0.0363398984527583,53.45945945945946,,,,,,,,,222.0,25.0,,,,,,,,,,,,,True,top_25,25.0,0.1008135587807928,82.88288288288288
