date,long_n10_h20,benchmark_SPY,long_n20_h20,long_n30_h20,long_n10_h60,long_n20_h60,long_n30_h60,long_n10_h120,long_n20_h120,long_n30_h120
2024-06-24,100000.0,100000.0,100000.0,100000.0,100000.0,100000.0,100000.0,100000.0,100000.0,100000.0
2024-06-25,100000.0,100385.07542067619,100000.0,100000.0,100000.0,100000.0,100000.0,100000.0,100000.0,100000.0
2024-06-26,100000.0,100510.38322199338,100000.0,100000.0,100000.0,100000.0,100000.0,100000.0,100000.0,100000.0
2024-06-27,100000.0,100668.83398702141,100000.0,100000.0,100000.0,100000.0,100000.0,100000.0,100000.0,100000.0
2024-06-28,100000.0,100272.69556248064,100000.0,100000.0,100000.0,100000.0,100000.0,100000.0,100000.0,100000.0
2024-07-01,100000.0,100479.05914965676,100000.0,100000.0,100000.0,100000.0,100000.0,100000.0,100000.0,100000.0
2024-07-02,100000.0,101155.26079794073,100000.0,100000.0,100000.0,100000.0,100000.0,100000.0,100000.0,100000.0
2024-07-03,100000.0,101606.67970589217,100000.0,100000.0,100000.0,100000.0,100000.0,100000.0,100000.0,100000.0
2024-07-05,100000.0,102192.59296779757,100000.0,100000.0,100000.0,100000.0,100000.0,100000.0,100000.0,100000.0
2024-07-08,100000.0,102310.49857194003,100000.0,100000.0,100000.0,100000.0,100000.0,100000.0,100000.0,100000.0
2024-07-09,100000.0,102409.98502292609,100000.0,100000.0,100000.0,100000.0,100000.0,100000.0,100000.0,100000.0
2024-07-10,100000.0,103423.37229367958,100000.0,100000.0,100000.0,100000.0,100000.0,100000.0,100000.0,100000.0
2024-07-11,100000.0,102531.60899361201,100000.0,100000.0,100000.0,100000.0,100000.0,100000.0,100000.0,100000.0
2024-07-12,100000.0,103178.31697290427,100000.0,100000.0,100000.0,100000.0,100000.0,100000.0,100000.0,100000.0
2024-07-15,100000.0,103462.08705122021,100000.0,100000.0,100000.0,100000.0,100000.0,100000.0,100000.0,100000.0
2024-07-16,100000.0,104075.61753088949,100000.0,100000.0,100000.0,100000.0,100000.0,100000.0,100000.0,100000.0
2024-07-17,100000.0,102616.36012207293,100000.0,100000.0,100000.0,100000.0,100000.0,100000.0,100000.0,100000.0
2024-07-18,100000.0,101827.75559165198,100000.0,100000.0,100000.0,100000.0,100000.0,100000.0,100000.0,100000.0
2024-07-19,100000.0,101151.55394336801,100000.0,100000.0,100000.0,100000.0,100000.0,100000.0,100000.0,100000.0
2024-07-22,100000.0,102194.42337114249,100000.0,100000.0,100000.0,100000.0,100000.0,100000.0,100000.0,100000.0
2024-07-23,100000.0,102034.14220276955,100000.0,100000.0,100000.0,100000.0,100000.0,100000.0,100000.0,100000.0
2024-07-24,100000.0,99721.76717960171,100000.0,100000.0,100000.0,100000.0,100000.0,100000.0,100000.0,100000.0
2024-07-25,100000.0,99202.20891694228,100000.0,100000.0,100000.0,100000.0,100000.0,100000.0,100000.0,100000.0
2024-07-26,100000.0,100313.22921139548,100000.0,100000.0,100000.0,100000.0,100000.0,100000.0,100000.0,100000.0
2024-07-29,100000.0,100372.1820134667,100000.0,100000.0,100000.0,100000.0,100000.0,100000.0,100000.0,100000.0
2024-07-30,100000.0,99863.67524270112,100000.0,100000.0,100000.0,100000.0,100000.0,100000.0,100000.0,100000.0
2024-07-31,100000.0,101486.90916249262,100000.0,100000.0,100000.0,100000.0,100000.0,100000.0,100000.0,100000.0
2024-08-01,100000.0,100049.75473746375,100000.0,100000.0,100000.0,100000.0,100000.0,100000.0,100000.0,100000.0
2024-08-02,100000.0,98186.99124284387,100000.0,100000.0,100000.0,100000.0,100000.0,100000.0,100000.0,100000.0
2024-08-05,100000.0,95327.42347129663,100000.0,100000.0,100000.0,100000.0,100000.0,100000.0,100000.0,100000.0
2024-08-06,100000.0,96206.29912014007,100000.0,100000.0,100000.0,100000.0,100000.0,100000.0,100000.0,100000.0
2024-08-07,100000.0,95563.25194753765,100000.0,100000.0,100000.0,100000.0,100000.0,100000.0,100000.0,100000.0
2024-08-08,100000.0,97772.42215317598,100000.0,100000.0,100000.0,100000.0,100000.0,100000.0,100000.0,100000.0
2024-08-09,100000.0,98203.55696871392,100000.0,100000.0,100000.0,100000.0,100000.0,100000.0,100000.0,100000.0
2024-08-12,100000.0,98255.16513346403,100000.0,100000.0,100000.0,100000.0,100000.0,100000.0,100000.0,100000.0
2024-08-13,100000.0,99871.03139199296,100000.0,100000.0,100000.0,100000.0,100000.0,100000.0,100000.0,100000.0
2024-08-14,100000.0,100186.09100673335,100000.0,100000.0,100000.0,100000.0,100000.0,100000.0,100000.0,100000.0
2024-08-15,100000.0,101903.30865550543,100000.0,100000.0,100000.0,100000.0,100000.0,100000.0,100000.0,100000.0
2024-08-16,100000.0,102131.77522646924,100000.0,100000.0,100000.0,100000.0,100000.0,100000.0,100000.0,100000.0
2024-08-19,100000.0,103108.30116696848,100000.0,100000.0,100000.0,100000.0,100000.0,100000.0,100000.0,100000.0
2024-08-20,100000.0,102940.64082536225,100000.0,100000.0,100000.0,100000.0,100000.0,100000.0,100000.0,100000.0
2024-08-21,100000.0,103294.39217370182,100000.0,100000.0,100000.0,100000.0,100000.0,100000.0,100000.0,100000.0
2024-08-22,100000.0,102483.68465949317,100000.0,100000.0,100000.0,100000.0,100000.0,100000.0,100000.0,100000.0
2024-08-23,100000.0,103572.62499410012,100000.0,100000.0,100000.0,100000.0,100000.0,100000.0,100000.0,100000.0
2024-08-26,100000.0,103325.71624603844,100000.0,100000.0,100000.0,100000.0,100000.0,100000.0,100000.0,100000.0
2024-08-27,100000.0,103467.58977322569,100000.0,100000.0,100000.0,100000.0,100000.0,100000.0,100000.0,100000.0
2024-08-28,100000.0,102866.94118879517,100000.0,100000.0,100000.0,100000.0,100000.0,100000.0,100000.0,100000.0
2024-08-29,100000.0,102876.15076537337,100000.0,100000.0,100000.0,100000.0,100000.0,100000.0,100000.0,100000.0
2024-08-30,100000.0,103858.20245181952,100000.0,100000.0,100000.0,100000.0,100000.0,100000.0,100000.0,100000.0
2024-09-03,100000.0,101720.91299137408,100000.0,100000.0,100000.0,100000.0,100000.0,100000.0,100000.0,100000.0
2024-09-04,100000.0,101512.70748888231,100000.0,100000.0,100000.0,100000.0,100000.0,100000.0,100000.0,100000.0
2024-09-05,100000.0,101265.81025279136,100000.0,100000.0,100000.0,100000.0,100000.0,100000.0,100000.0,100000.0
2024-09-06,100000.0,99561.4975231995,100000.0,100000.0,100000.0,100000.0,100000.0,100000.0,100000.0,100000.0
2024-09-09,100000.0,100676.20164828397,100000.0,100000.0,100000.0,100000.0,100000.0,100000.0,100000.0,100000.0
2024-09-10,100000.0,101114.7156370552,100000.0,100000.0,100000.0,100000.0,100000.0,100000.0,100000.0,100000.0
2024-09-11,100000.0,102152.04780691201,100000.0,100000.0,100000.0,100000.0,100000.0,100000.0,100000.0,100000.0
2024-09-12,100000.0,103012.48703464297,100000.0,100000.0,100000.0,100000.0,100000.0,100000.0,100000.0,100000.0
2024-09-13,100000.0,103550.5104983417,100000.0,100000.0,100000.0,100000.0,100000.0,100000.0,100000.0,100000.0
2024-09-16,100000.0,103703.44702939352,100000.0,100000.0,100000.0,100000.0,100000.0,100000.0,100000.0,100000.0
2024-09-17,100000.0,103745.79956968254,100000.0,100000.0,100000.0,100000.0,100000.0,100000.0,100000.0,100000.0
2024-09-18,100000.0,103438.13064014616,100000.0,100000.0,100000.0,100000.0,100000.0,100000.0,100000.0,100000.0
2024-09-19,100000.0,105203.24959909562,100000.0,100000.0,100000.0,100000.0,100000.0,100000.0,100000.0,100000.0
2024-09-20,100000.0,105021.37197364679,100000.0,100000.0,100000.0,100000.0,100000.0,100000.0,100000.0,100000.0
2024-09-23,100000.0,105283.81037021347,100000.0,100000.0,100000.0,100000.0,100000.0,100000.0,100000.0,100000.0
2024-09-24,100000.0,105585.04410811582,100000.0,100000.0,100000.0,100000.0,100000.0,100000.0,100000.0,100000.0
2024-09-25,100000.0,105352.17996433591,100000.0,100000.0,100000.0,100000.0,100000.0,100000.0,100000.0,100000.0
2024-09-26,100000.0,105769.86879806967,100000.0,100000.0,100000.0,100000.0,100000.0,100000.0,100000.0,100000.0
2024-09-27,100000.0,105616.48330015967,100000.0,100000.0,100000.0,100000.0,100000.0,100000.0,100000.0,100000.0
2024-09-30,100000.0,106039.70939181108,100000.0,100000.0,100000.0,100000.0,100000.0,100000.0,100000.0,100000.0
2024-10-01,100000.0,105089.75307973997,100000.0,100000.0,100000.0,100000.0,100000.0,100000.0,100000.0,100000.0
2024-10-02,100000.0,105134.10870293474,100000.0,100000.0,100000.0,100000.0,100000.0,100000.0,100000.0,100000.0
2024-10-03,100000.0,104941.90483974761,100000.0,100000.0,100000.0,100000.0,100000.0,100000.0,100000.0,100000.0
2024-10-04,100000.0,105895.53347047928,100000.0,100000.0,100000.0,100000.0,100000.0,100000.0,100000.0,100000.0
2024-10-07,100000.0,104938.20949714561,100000.0,100000.0,100000.0,100000.0,100000.0,100000.0,100000.0,100000.0
2024-10-08,100000.0,105930.65649315441,100000.0,100000.0,100000.0,100000.0,100000.0,100000.0,100000.0,100000.0
2024-10-09,100000.0,106664.38345914,100000.0,100000.0,100000.0,100000.0,100000.0,100000.0,100000.0,100000.0
2024-10-10,100000.0,106477.72836584122,100000.0,100000.0,100000.0,100000.0,100000.0,100000.0,100000.0,100000.0
2024-10-11,100000.0,107115.34188826251,100000.0,100000.0,100000.0,100000.0,100000.0,100000.0,100000.0,100000.0
2024-10-14,100000.0,107991.3798363228,100000.0,100000.0,100000.0,100000.0,100000.0,100000.0,100000.0,100000.0
2024-10-15,100000.0,107152.29531428256,100000.0,100000.0,100000.0,100000.0,100000.0,100000.0,100000.0,100000.0
2024-10-16,100000.0,107618.02360184237,100000.0,100000.0,100000.0,100000.0,100000.0,100000.0,100000.0,100000.0
2024-10-17,100000.0,107627.26771433275,100000.0,100000.0,100000.0,100000.0,100000.0,100000.0,100000.0,100000.0
2024-10-18,100000.0,108041.27271743522,100000.0,100000.0,100000.0,100000.0,100000.0,100000.0,100000.0,100000.0
2024-10-21,100000.0,107863.83871268539,100000.0,100000.0,100000.0,100000.0,100000.0,100000.0,100000.0,100000.0
2024-10-22,100000.0,107806.54363439823,100000.0,100000.0,100000.0,100000.0,100000.0,100000.0,100000.0,100000.0
2024-10-23,100000.0,106821.45278768126,100000.0,100000.0,100000.0,100000.0,100000.0,100000.0,100000.0,100000.0
2024-10-24,100000.0,107052.48652811626,100000.0,100000.0,100000.0,100000.0,100000.0,100000.0,100000.0,100000.0
2024-10-25,100000.0,107015.54461406694,100000.0,100000.0,100000.0,100000.0,100000.0,100000.0,100000.0,100000.0
2024-10-28,100000.0,107346.35260475606,100000.0,100000.0,100000.0,100000.0,100000.0,100000.0,100000.0,100000.0
2024-10-29,100000.0,107520.06824296244,100000.0,100000.0,100000.0,100000.0,100000.0,100000.0,100000.0,100000.0
2024-10-30,100000.0,107194.79751019097,100000.0,100000.0,100000.0,100000.0,100000.0,100000.0,100000.0,100000.0
2024-10-31,100000.0,105093.44842234197,100000.0,100000.0,100000.0,100000.0,100000.0,100000.0,100000.0,100000.0
2024-11-01,100000.0,105537.01616626048,100000.0,100000.0,100000.0,100000.0,100000.0,100000.0,100000.0,100000.0
2024-11-04,100000.0,105309.6777684275,100000.0,100000.0,100000.0,100000.0,100000.0,100000.0,100000.0,100000.0
2024-11-05,100000.0,106583.07440992516,100000.0,100000.0,100000.0,100000.0,100000.0,100000.0,100000.0,100000.0
2024-11-06,100000.0,109233.30274986445,100000.0,100000.0,100000.0,100000.0,100000.0,100000.0,100000.0,100000.0
2024-11-07,100000.0,110077.92452982234,100000.0,100000.0,100000.0,100000.0,100000.0,100000.0,100000.0,100000.0
2024-11-08,100000.0,110554.75035715889,100000.0,100000.0,100000.0,100000.0,100000.0,100000.0,100000.0,100000.0
2024-11-11,100000.0,110660.07337730139,100000.0,100000.0,100000.0,100000.0,100000.0,100000.0,100000.0,100000.0
2024-11-12,100000.0,110316.33744349061,100000.0,100000.0,100000.0,100000.0,100000.0,100000.0,100000.0,100000.0
2024-11-13,100000.0,110369.93717917577,100000.0,100000.0,100000.0,100000.0,100000.0,100000.0,100000.0,100000.0
2024-11-14,100000.0,109660.25872003002,100000.0,100000.0,100000.0,100000.0,100000.0,100000.0,100000.0,100000.0
2024-11-15,100000.0,108255.63712426367,100000.0,100000.0,100000.0,100000.0,100000.0,100000.0,100000.0,100000.0
2024-11-18,100000.0,108699.2163801529,100000.0,100000.0,100000.0,100000.0,100000.0,100000.0,100000.0,100000.0
2024-11-19,100000.0,109096.5405376781,100000.0,100000.0,100000.0,100000.0,100000.0,100000.0,100000.0,100000.0
2024-11-20,100000.0,109133.52849961031,100000.0,100000.0,100000.0,100000.0,100000.0,100000.0,100000.0,100000.0
2024-11-21,100000.0,109719.37268969137,100000.0,100000.0,100000.0,100000.0,100000.0,100000.0,100000.0,100000.0
2024-11-22,100000.0,110059.44781681232,100000.0,100000.0,100000.0,100000.0,100000.0,100000.0,100000.0,100000.0
2024-11-25,100000.0,110432.76951538057,100000.0,100000.0,100000.0,100000.0,100000.0,100000.0,100000.0,100000.0
2024-11-26,100000.0,111009.3926169127,100000.0,100000.0,100000.0,100000.0,100000.0,100000.0,100000.0,100000.0
2024-11-27,100000.0,110673.02434436449,100000.0,100000.0,100000.0,100000.0,100000.0,100000.0,100000.0,100000.0
2024-11-29,100000.0,111360.54225986892,100000.0,100000.0,100000.0,100000.0,100000.0,100000.0,100000.0,100000.0
2024-12-02,100000.0,111560.14832023079,100000.0,100000.0,100000.0,100000.0,100000.0,100000.0,100000.0,100000.0
2024-12-03,100000.0,111611.88311665886,100000.0,100000.0,100000.0,100000.0,100000.0,100000.0,100000.0,100000.0
2024-12-04,100000.0,112304.93829008094,100000.0,100000.0,100000.0,100000.0,100000.0,100000.0,100000.0,100000.0
2024-12-05,100000.0,112120.1136001271,100000.0,100000.0,100000.0,100000.0,100000.0,100000.0,100000.0,100000.0
2024-12-06,100000.0,112332.67062755206,100000.0,100000.0,100000.0,100000.0,100000.0,100000.0,100000.0,100000.0
2024-12-09,100000.0,111754.19409873357,100000.0,100000.0,100000.0,100000.0,100000.0,100000.0,100000.0,100000.0
2024-12-10,100000.0,111406.73979837935,100000.0,100000.0,100000.0,100000.0,100000.0,100000.0,100000.0,100000.0
2024-12-11,100000.0,112267.9848640609,100000.0,100000.0,100000.0,100000.0,100000.0,100000.0,100000.0,100000.0
2024-12-12,100000.0,111689.5083352424,100000.0,100000.0,100000.0,100000.0,100000.0,100000.0,100000.0,100000.0
2024-12-13,100000.0,111667.3477916011,100000.0,100000.0,100000.0,100000.0,100000.0,100000.0,100000.0,100000.0
2024-12-16,100000.0,112144.16210696693,100000.0,100000.0,100000.0,100000.0,100000.0,100000.0,100000.0,100000.0
2024-12-17,100000.0,111682.11765003839,100000.0,100000.0,100000.0,100000.0,100000.0,100000.0,100000.0,100000.0
2024-12-18,100000.0,108353.60399511432,100000.0,100000.0,100000.0,100000.0,100000.0,100000.0,100000.0,100000.0
2024-12-19,100000.0,108320.33439972556,100000.0,100000.0,100000.0,100000.0,100000.0,100000.0,100000.0,100000.0
2024-12-20,100000.0,109621.37128292855,100000.0,100000.0,100000.0,100000.0,100000.0,100000.0,100000.0,100000.0
2024-12-23,100000.0,110277.80687748155,100000.0,100000.0,100000.0,100000.0,100000.0,100000.0,100000.0,100000.0
2024-12-24,100000.0,111503.53244821628,100000.0,100000.0,100000.0,100000.0,100000.0,100000.0,100000.0,100000.0
2024-12-26,100000.0,111510.95766933245,100000.0,100000.0,100000.0,100000.0,100000.0,100000.0,100000.0,100000.0
2024-12-27,100000.0,110337.13957458663,100000.0,100000.0,100000.0,100000.0,100000.0,100000.0,100000.0,100000.0
2024-12-30,100000.0,109078.04080072664,100000.0,100000.0,100000.0,100000.0,100000.0,100000.0,100000.0,100000.0
2024-12-31,100000.0,108681.20014597179,100000.0,100000.0,100000.0,100000.0,100000.0,100000.0,100000.0,100000.0
2025-01-02,100000.0,108414.14544914529,100000.0,100000.0,100000.0,100000.0,100000.0,100000.0,100000.0,100000.0
2025-01-03,100000.0,109769.70302569127,100000.0,100000.0,100000.0,100000.0,100000.0,100000.0,100000.0,100000.0
2025-01-06,100000.0,110402.04406552154,100000.0,100000.0,100000.0,100000.0,100000.0,100000.0,100000.0,100000.0
2025-01-07,100000.0,109154.05434340899,100000.0,100000.0,100000.0,100000.0,100000.0,100000.0,100000.0,100000.0
2025-01-08,100000.0,109313.52967383133,100000.0,100000.0,100000.0,100000.0,100000.0,100000.0,100000.0,100000.0
2025-01-10,100000.0,107644.58171829977,100000.0,100000.0,100000.0,100000.0,100000.0,100000.0,100000.0,100000.0
2025-01-13,100000.0,107811.50529377973,100000.0,100000.0,100000.0,100000.0,100000.0,100000.0,100000.0,100000.0
2025-01-14,100000.0,107959.83703654245,100000.0,100000.0,100000.0,100000.0,100000.0,100000.0,100000.0,100000.0
2025-01-15,100000.0,109923.61807425451,100000.0,100000.0,100000.0,100000.0,100000.0,100000.0,100000.0,100000.0
2025-01-16,100000.0,109712.22375587255,100000.0,100000.0,100000.0,100000.0,100000.0,100000.0,100000.0,100000.0
2025-01-17,100000.0,110813.72365053801,100000.0,100000.0,100000.0,100000.0,100000.0,100000.0,100000.0,100000.0
2025-01-21,100000.0,111828.05490289077,100000.0,100000.0,100000.0,100000.0,100000.0,100000.0,100000.0,100000.0
2025-01-22,100000.0,112456.71211208975,100000.0,100000.0,100000.0,100000.0,100000.0,100000.0,100000.0,100000.0
2025-01-23,100000.0,113070.49585511495,100000.0,100000.0,100000.0,100000.0,100000.0,100000.0,100000.0,100000.0
2025-01-24,100000.0,112740.40160661063,100000.0,100000.0,100000.0,100000.0,100000.0,100000.0,100000.0,100000.0
2025-01-27,100000.0,111145.64830238724,100000.0,100000.0,100000.0,100000.0,100000.0,100000.0,100000.0,100000.0
2025-01-28,100000.0,112100.65836960563,100000.0,100000.0,100000.0,100000.0,100000.0,100000.0,100000.0,100000.0
2025-01-29,100000.0,111598.13782361589,100000.0,100000.0,100000.0,100000.0,100000.0,100000.0,100000.0,100000.0
2025-01-30,100000.0,112197.07112440871,100000.0,100000.0,100000.0,100000.0,100000.0,100000.0,100000.0,100000.0
2025-01-31,100000.0,111599.9682269608,100000.0,100000.0,100000.0,100000.0,100000.0,100000.0,100000.0,100000.0
2025-02-03,100000.0,110848.95028094965,100000.0,100000.0,100000.0,100000.0,100000.0,100000.0,100000.0,100000.0
2025-02-04,100000.0,111592.56602978607,100000.0,100000.0,100000.0,100000.0,100000.0,100000.0,100000.0,100000.0
2025-02-05,100000.0,112045.03252707327,100000.0,100000.0,100000.0,100000.0,100000.0,100000.0,100000.0,100000.0
2025-02-06,100000.0,112434.44796071194,100000.0,100000.0,100000.0,100000.0,100000.0,100000.0,100000.0,100000.0
2025-02-07,100000.0,111405.26626612683,100000.0,100000.0,100000.0,100000.0,100000.0,100000.0,100000.0,100000.0
2025-02-10,100000.0,112161.8560059678,100000.0,100000.0,100000.0,100000.0,100000.0,100000.0,100000.0,100000.0
2025-02-11,100000.0,112247.14819705271,100000.0,100000.0,100000.0,100000.0,100000.0,100000.0,100000.0,100000.0
2025-02-12,100000.0,111885.54568468021,100000.0,100000.0,100000.0,100000.0,100000.0,100000.0,100000.0,100000.0
2025-02-13,100000.0,113066.78900054221,100000.0,100000.0,100000.0,100000.0,100000.0,100000.0,100000.0,100000.0
2025-02-14,100000.0,113061.2172067124,100000.0,100000.0,100000.0,100000.0,100000.0,100000.0,100000.0,100000.0
2025-02-18,100000.0,113393.16488250307,100000.0,100000.0,100000.0,100000.0,100000.0,100000.0,100000.0,100000.0
2025-02-19,100000.0,113660.1850434174,100000.0,100000.0,100000.0,100000.0,100000.0,100000.0,100000.0,100000.0
2025-02-20,100000.0,113187.31933400947,100000.0,100000.0,100000.0,100000.0,100000.0,100000.0,100000.0,100000.0
2025-02-21,100000.0,111251.3627295343,100000.0,100000.0,100000.0,100000.0,100000.0,100000.0,100000.0,100000.0
2025-02-24,100000.0,110745.1238170011,100000.0,100000.0,100000.0,100000.0,100000.0,100000.0,100000.0,100000.0
2025-02-25,100000.0,110194.34508974156,100000.0,100000.0,100000.0,100000.0,100000.0,100000.0,100000.0,100000.0
2025-02-26,100000.0,110249.99395621537,100000.0,100000.0,100000.0,100000.0,100000.0,100000.0,100000.0,100000.0
2025-02-27,100000.0,108490.17050379838,100000.0,100000.0,100000.0,100000.0,100000.0,100000.0,100000.0,100000.0
2025-02-28,100000.0,110183.22452602339,100000.0,100000.0,100000.0,100000.0,100000.0,100000.0,100000.0,100000.0
2025-03-03,100000.0,108252.82820340732,100000.0,100000.0,100000.0,100000.0,100000.0,100000.0,100000.0,100000.0
2025-03-04,100000.0,106971.45376619879,100000.0,100000.0,100000.0,100000.0,100000.0,100000.0,100000.0,100000.0
2025-03-05,100000.0,108121.16579425115,100000.0,100000.0,100000.0,100000.0,100000.0,100000.0,100000.0,100000.0
2025-03-06,100000.0,106201.87852338253,100000.0,100000.0,100000.0,100000.0,100000.0,100000.0,100000.0,100000.0
2025-03-07,100000.0,106797.13950551482,100000.0,100000.0,100000.0,100000.0,100000.0,100000.0,100000.0,100000.0
2025-03-10,100000.0,103952.54305189251,100000.0,100000.0,100000.0,100000.0,100000.0,100000.0,100000.0,100000.0
2025-03-11,100000.0,103088.40848155956,100000.0,100000.0,100000.0,100000.0,100000.0,100000.0,100000.0,100000.0
2025-03-12,100000.0,103635.44581833419,100000.0,100000.0,100000.0,100000.0,100000.0,100000.0,100000.0,100000.0
2025-03-13,100000.0,102253.91723583768,100000.0,100000.0,100000.0,100000.0,100000.0,100000.0,100000.0,100000.0
2025-03-14,100000.0,104366.06455222463,100000.0,100000.0,100000.0,100000.0,100000.0,100000.0,100000.0,100000.0
2025-03-17,100000.0,105170.84340151105,100000.0,100000.0,100000.0,100000.0,100000.0,100000.0,100000.0,100000.0
2025-03-18,100000.0,104034.11687643395,100000.0,100000.0,100000.0,100000.0,100000.0,100000.0,100000.0,100000.0
2025-03-19,100000.0,105167.13654693833,100000.0,100000.0,100000.0,100000.0,100000.0,100000.0,100000.0,100000.0
2025-03-20,100000.0,104863.03632832601,100000.0,100000.0,100000.0,100000.0,100000.0,100000.0,100000.0,100000.0
2025-03-21,100000.0,104897.62980034789,100000.0,100000.0,100000.0,100000.0,100000.0,100000.0,100000.0,100000.0
2025-03-24,100000.0,106776.17620682868,100000.0,100000.0,100000.0,100000.0,100000.0,100000.0,100000.0,100000.0
2025-03-25,100000.0,107032.85861803396,100000.0,100000.0,100000.0,100000.0,100000.0,100000.0,100000.0,100000.0
2025-03-26,100000.0,105755.06440372021,100000.0,100000.0,100000.0,100000.0,100000.0,100000.0,100000.0,100000.0
2025-03-27,100000.0,105474.1953420264,100000.0,100000.0,100000.0,100000.0,100000.0,100000.0,100000.0,100000.0
2025-03-28,100000.0,103350.14464791214,100000.0,100000.0,100000.0,100000.0,100000.0,100000.0,100000.0,100000.0
2025-03-31,100000.0,104043.92507548975,100000.0,100000.0,100000.0,100000.0,100000.0,100000.0,100000.0,100000.0
2025-04-01,100000.0,104337.79115212955,100000.0,100000.0,100000.0,100000.0,100000.0,100000.0,100000.0,100000.0
2025-04-02,100000.0,104998.07174490394,100000.0,100000.0,100000.0,100000.0,100000.0,100000.0,100000.0,100000.0
2025-04-03,100000.0,99823.68265641027,100000.0,100000.0,100000.0,100000.0,100000.0,100000.0,100000.0,100000.0
2025-04-04,100000.0,93979.71130279821,100000.0,100000.0,100000.0,100000.0,100000.0,100000.0,100000.0,100000.0
2025-04-07,100000.0,93812.30998053326,100000.0,100000.0,100000.0,100000.0,100000.0,100000.0,100000.0,100000.0
2025-04-08,100000.0,92342.95081740749,100000.0,100000.0,100000.0,100000.0,100000.0,100000.0,100000.0,100000.0
2025-04-09,100000.0,102040.75007396442,100000.0,100000.0,100000.0,100000.0,100000.0,100000.0,100000.0,100000.0
2025-04-10,100381.68978815162,97569.4200614509,100519.38606362426,100805.21093478007,100000.0,100000.0,100000.0,100000.0,100000.0,100000.0
2025-04-11,101785.26829206935,99310.34085794113,102260.0045049197,102129.16930582076,100000.0,100000.0,100000.0,100000.0,100000.0,100000.0
2025-04-14,102783.94910763555,100273.77768772858,102708.17081723046,102712.8227853162,100000.0,100000.0,100000.0,100000.0,100000.0,100000.0
2025-04-15,103712.2495351272,99992.93164997622,103021.72154051291,103229.33368152486,100000.0,100000.0,100000.0,100000.0,100000.0,100000.0
2025-04-16,101781.76583122037,97770.28092662155,100912.09612473617,101128.72818333379,100000.0,100000.0,100000.0,100000.0,100000.0,100000.0
2025-04-17,100168.19384244611,97909.7829878399,100022.11047390405,100569.65698601285,100000.0,100000.0,100000.0,100000.0,100000.0,100000.0
2025-04-21,97658.89935684334,95579.265098813,97655.77658714325,98116.0716523578,100000.0,100000.0,100000.0,100000.0,100000.0,100000.0
2025-04-22,99714.96105563434,98066.03496645988,99980.06202720871,100574.98798147892,100000.0,100000.0,100000.0,100000.0,100000.0,100000.0
2025-04-23,101195.93637430997,99585.59207792222,101890.9387075477,102687.82272932773,100000.0,100000.0,100000.0,100000.0,100000.0,100000.0
2025-04-24,103504.88472355291,101681.7722909167,104632.88113472276,106019.83791637936,100000.0,100000.0,100000.0,100000.0,100000.0,100000.0
2025-04-25,104475.54930378469,102416.45475047227,105597.74985577923,106962.68032698965,100000.0,100000.0,100000.0,100000.0,100000.0,100000.0
2025-04-28,105344.470541086,102455.52637910531,106026.09212924681,107182.57977433219,100000.0,100000.0,100000.0,100000.0,100000.0,100000.0
2025-04-29,105787.4761797057,103100.91048176447,106452.00317415228,107536.49230987154,100000.0,100000.0,100000.0,100000.0,100000.0,100000.0
2025-04-30,106342.24824954307,103141.83553768386,106641.68334528345,107558.38311307142,100000.0,100000.0,100000.0,100000.0,100000.0,100000.0
2025-05-01,105166.27574822502,103872.79963069598,106442.08489018554,107799.24492873796,100000.0,100000.0,100000.0,100000.0,100000.0,100000.0
2025-05-02,107355.23471477066,105414.71298930193,108682.13609584548,110151.96503425768,100000.0,100000.0,100000.0,100000.0,100000.0,100000.0
2025-05-05,106908.26476597945,104810.20789467928,108221.09761085204,109540.47035220593,100000.0,100000.0,100000.0,100000.0,100000.0,100000.0
2025-05-06,104448.88031232238,103934.18145858971,106727.25202102074,108414.66098725231,100000.0,100000.0,100000.0,100000.0,100000.0,100000.0
2025-05-07,104637.40616083135,104371.26796299132,106989.90740279033,109109.31141939672,100000.0,100000.0,100000.0,100000.0,100000.0,100000.0
2025-05-08,105289.4492951822,105098.50217748927,107779.26074579143,109931.78116834455,100000.0,100000.0,100000.0,100000.0,100000.0,100000.0
2025-05-09,106312.57492339367,104964.59493404216,111292.11710254666,114212.9681407885,100000.0,100000.0,100000.0,100000.0,100000.0,100000.0
2025-05-12,104820.66650632763,108433.40497616447,109267.18895088493,112743.35455654975,100000.0,100000.0,100000.0,100000.0,100000.0,100000.0
2025-05-13,105022.63778734596,109149.48409103206,108326.04505950776,112016.92680955041,100000.0,100000.0,100000.0,100000.0,100000.0,100000.0
2025-05-14,104344.50304499824,109288.96312830897,107729.43723077208,111388.76642804252,100000.0,100000.0,100000.0,100000.0,100000.0,100000.0
2025-05-15,106586.15720654088,109822.78472269389,110274.60552235105,113832.64639366444,100000.0,100000.0,100000.0,100000.0,100000.0,100000.0
2025-05-16,107493.34101459518,110518.40706558715,111626.95505544316,115231.9218139784,100000.0,100000.0,100000.0,100000.0,100000.0,100000.0
2025-05-19,108292.59533076281,110639.30578211753,112394.32155482835,115753.66639715053,100000.0,100000.0,100000.0,100000.0,100000.0,100000.0
2025-05-20,108448.65601758397,110267.3079601824,112545.93845642418,115868.33864683297,100000.0,100000.0,100000.0,100000.0,100000.0,100000.0
2025-05-21,107968.26114992418,108409.21832567596,111769.868548872,114670.33031932914,100000.0,100000.0,100000.0,100000.0,100000.0,100000.0
2025-05-22,107557.30625485211,108452.00832085244,111066.83036078404,113957.97899961165,100000.0,100000.0,100000.0,100000.0,100000.0,100000.0
2025-05-23,107838.60039226696,107711.73104352561,111592.14225550914,114483.3480012935,100000.0,100000.0,100000.0,100000.0,100000.0,100000.0
2025-05-27,108341.31669695392,109951.1316842819,112223.0539080374,115331.3197464816,100000.0,100000.0,100000.0,100000.0,100000.0,100000.0
2025-05-28,108359.96438082462,109315.01471805458,111964.9040808248,114841.11183503381,100000.0,100000.0,100000.0,100000.0,100000.0,100000.0
2025-05-29,108227.50670453253,109746.51791665563,112079.31027938935,114599.49660300436,100000.0,100000.0,100000.0,100000.0,100000.0,100000.0
2025-05-30,109263.99941162806,109623.78879678033,113143.34333778056,115551.18491819617,100000.0,100000.0,100000.0,100000.0,100000.0,100000.0
2025-06-02,110285.5905711264,110241.27939437825,113800.62256267127,115990.36003907122,100000.0,100000.0,100000.0,100000.0,100000.0,100000.0
2025-06-03,110129.80026670633,110869.93660357723,113466.11111347486,115683.83048297331,100000.0,100000.0,100000.0,100000.0,100000.0,100000.0
2025-06-04,109821.67853647882,110840.17815925891,112913.7397328314,115034.20185963532,100000.0,100000.0,100000.0,100000.0,100000.0,100000.0
2025-06-05,109975.93908437795,110304.50313758761,112982.45190285111,115109.88557538242,100000.0,100000.0,100000.0,100000.0,100000.0,100000.0
2025-06-06,109642.96348233393,111437.2234968532,112868.71681266664,115280.86159034225,100000.0,100000.0,100000.0,100000.0,100000.0,100000.0
2025-06-09,109037.08691274041,111537.65392943853,111951.99687441207,114791.04575084632,99881.82228642874,99849.66019956644,99899.51575154344,99881.82228642874,99849.66019956644,99899.51575154344
2025-06-10,108041.93580998648,112170.0525291224,111506.31761805834,114132.02675440583,98970.22899086332,99452.16021802869,99325.9895551443,98970.22899086332,99452.16021802869,99325.9895551443
2025-06-11,109056.96671662306,111850.13486273702,112122.91369738578,114530.53742824722,99900.03311262054,100002.10023565344,99672.8024447195,99900.03311262054,100002.10023565344,99672.8024447195
2025-06-12,109726.47287810192,112294.6465882548,112555.96664953527,114840.07558451392,100513.32465136715,100388.33867442442,99942.18481784029,100513.32465136715,100388.33867442442,99942.18481784029
2025-06-13,108572.34414324127,111039.19710911391,111571.31548358919,114008.5085513171,99456.1021489099,99510.13113054137,99218.49461963409,99456.1021489099,99510.13113054137,99218.49461963409
2025-06-16,109969.78664444265,112095.65066234124,113334.24896977494,115483.93190141037,100736.20898859318,101082.4863749668,100502.51531347266,100736.20898859318,101082.4863749668,100502.51531347266
2025-06-17,109133.68640934463,111137.77411441287,112978.91413588465,115255.03268950054,99970.31135596779,100765.56427884934,100303.31050444553,99970.31135596779,100765.56427884934,100303.31050444553
2025-06-18,108745.819260989,111121.02419701127,113179.73644251736,115278.30992350473,99615.01164199077,100944.67743300955,100323.56830027545,99615.01164199077,100944.67743300955,100323.56830027545
2025-06-20,108797.17062907785,110860.0593326971,112803.26176493132,114933.93757342504,99662.05140861007,100608.90089451609,100023.8705405593,99662.05140861007,100608.90089451609,100023.8705405593
2025-06-23,109932.83072273563,111955.07798784567,113873.43249640036,116222.86906390393,100702.35614622032,101563.38308037753,101145.59248460336,100702.35614622032,101563.38308037753,101145.59248460336
2025-06-24,111503.60654028394,113191.86656244496,115238.30629588633,117497.1689044474,102141.24209623708,102780.709944336,102254.58079527963,102141.24209623708,102780.709944336,102254.58079527963
2025-06-25,111071.26320396924,113255.29752112734,115094.29531100135,116957.61581194312,101745.20028036438,102652.26695597998,101785.02248753294,101745.20028036438,102652.26695597998,101785.02248753294
2025-06-26,112517.7523527995,114141.3854196286,116501.55936227263,118162.49557964981,103070.23535329234,103907.40155698529,102833.59647876877,103070.23535329234,103907.40155698529,102833.59647876877
2025-06-27,113679.2198149843,114708.47660940229,116885.14506236513,118892.87527340342,104134.18067627664,104249.52055263716,103469.22602659669,104134.18067627664,104249.52055263716,103469.22602659669
2025-06-30,114292.21859592525,115256.92991857583,117207.43448687253,119504.15081346116,104695.70950300682,104536.96937654028,104001.20229991953,104695.70950300682,104536.96937654028,104001.20229991953
2025-07-01,114246.31089273382,115219.61962146338,117828.15179219913,119609.86003178675,104653.65644754069,105090.58581780326,104093.19856731234,104653.65644754069,105090.58581780326,104093.19856731234
2025-07-02,115591.43847460186,115741.94075709626,119705.87235507282,120956.90391284632,105885.84137957412,106765.31968647217,105265.49441378572,105885.84137957412,106765.31968647217,105265.49441378572
2025-07-03,117395.78547732446,116654.14931716745,120834.12857547823,122297.40952377235,107538.68686994279,107771.60807325444,106432.09983161047,107538.68686994279,107771.60807325444,106432.09983161047
2025-07-07,117465.07534167559,115784.84587197998,120559.05607048144,121797.88731653304,107602.15883673057,107526.2716979253,105997.3792073168,107602.15883673057,107526.2716979253,105997.3792073168
2025-07-08,115850.60046984564,115721.42642526832,119103.18716549219,120226.58060140493,106123.24273403823,106227.78638728129,104629.91378963037,106123.24273403823,106227.78638728129,104629.91378963037
2025-07-09,115755.92502272633,116415.36802043606,119355.05965954822,120461.7029939174,106383.25508183156,106722.10408152519,105033.95751554423,106383.25508183156,106722.10408152519,105033.95751554423
2025-07-10,116386.23573074758,116743.68942544905,120055.06499339695,121283.67012899375,106133.3743570563,107270.27804929602,105359.0431708436,106133.3743570563,107270.27804929602,105359.0431708436
2025-07-11,117250.22974350578,116333.2876691828,120122.77614259621,121076.73604354542,105996.88318884769,107208.62278719725,104971.50532438654,105996.88318884769,107208.62278719725,104971.50532438654
2025-07-14,118725.08251985874,116555.26148865899,121032.78491906796,121762.19846866214,106736.2566340446,108088.91932723414,105840.01767997083,106736.2566340446,108088.91932723414,105840.01767997083
2025-07-15,117225.40067409736,116057.20758730966,120011.43627700726,120252.0577581395,106282.90872782607,106891.6303906233,104776.76346785911,106282.90872782607,106891.6303906233,104776.76346785911
2025-07-16,117502.21135326258,116445.20704854943,120366.94086823509,120860.5880802912,107277.81309444187,108073.26159023608,105665.59021025966,107277.81309444187,108073.26159023608,105665.59021025966
2025-07-17,118631.1161564185,117157.82106022949,121715.43768856648,121517.63018806417,108418.6545279877,108413.20981673634,105904.73137589819,108418.6545279877,108413.20981673634,105904.73137589819
2025-07-18,118873.267906383,117072.01083046205,121230.23419322108,121333.23574434749,107408.46675961821,108090.56106027523,105879.29637526494,107408.46675961821,108090.56106027523,105879.29637526494
2025-07-21,118075.84024830977,117293.99616190896,120969.29206997844,121100.16504785896,107078.51682546579,107718.27110244975,105551.99008986806,107078.51682546579,107718.27110244975,105551.99008986806
2025-07-22,118318.1754837648,117310.78061522274,120767.60699800268,121387.43383335319,105823.16893564395,107292.33198499682,105067.38408154201,105823.16893564395,107292.33198499682,105067.38408154201
2025-07-23,120609.12578755834,118308.81091703208,122783.86679264205,123263.21611691662,108492.41598027089,109321.59021111185,107223.39557992353,108492.41598027089,109321.59021111185,107223.39557992353
2025-07-24,120342.33776670115,118347.97464143089,121510.51596564653,121942.71485002819,106026.57612133073,107124.96791359311,105515.79997513212,106026.57612133073,107124.96791359311,105515.79997513212
2025-07-25,120199.00907596867,118847.91650597875,121700.58937197876,122553.04567855918,106494.31026604223,108539.09137167735,106663.90187121012,106494.31026604223,108539.09137167735,106663.90187121012
2025-07-28,120222.01802470924,118818.07747786536,122143.59650695662,122664.03563018086,106689.9091347182,108205.33446660616,106253.4673211547,106689.9091347182,108205.33446660616,106253.4673211547
2025-07-29,119830.15171938177,118504.66407493832,123044.13378507858,123077.76752032305,106495.91930496783,109024.34374211417,106060.85970277782,106495.91930496783,109024.34374211417,106060.85970277782
2025-07-30,119828.04258089488,118355.44591042996,122282.8609922187,121880.33627771244,106470.21611468346,108714.17487233848,105459.55099310166,106470.21611468346,108714.17487233848,105459.55099310166
2025-07-31,123494.47401916716,117911.47524753615,123628.88247490226,121986.26666835582,108104.10717948113,109039.96224234662,106368.82602524443,108104.10717948113,109039.96224234662,106368.82602524443
2025-08-01,122313.77190659409,115978.83409062914,121905.78037834441,120114.18560478865,105906.52586549323,107293.09417169983,105068.47520230012,105906.52586549323,107293.09417169983,105068.47520230012
2025-08-04,124128.42336003685,117741.69670331695,124125.65426390796,122114.78676831537,106999.82506291372,109188.26823803651,106342.69664232795,106999.82506291372,109188.26823803651,106342.69664232795
2025-08-05,124442.61782475875,117144.74346148843,123943.32212133633,122483.01453555093,107872.3807108393,109516.93984768995,106575.07263204112,107872.3807108393,109516.93984768995,106575.07263204112
2025-08-06,127538.20398677672,118042.04401947364,123543.03404030392,122571.14513173277,108245.6167772435,110041.3579701884,107782.19667012169,108245.6167772435,110041.3579701884,107782.19667012169
2025-08-07,127835.30200021763,117943.1677029359,124078.42842436496,122964.01757120037,110393.92091700943,111455.5645101321,108245.84046192178,110393.92091700943,111455.5645101321,108245.84046192178
2025-08-08,128428.51125557469,118862.83602003544,124697.37023018095,123531.79846899543,111441.86411549264,112518.78088137196,109094.78215019287,111441.86411549264,112518.78088137196,109094.78215019287
2025-08-11,129218.41771876466,118627.79611378892,125093.26284131533,123464.76108408152,111745.40152329816,112491.62148765853,109040.46172669053,111745.40152329816,112491.62148765853,109040.46172669053
2025-08-12,131649.1971813789,119890.71686192887,128018.20488988044,126716.88611895395,113870.65050799139,114923.02650557633,110834.89736412711,113870.65050799139,114923.02650557633,110834.89736412711
2025-08-13,133152.70446409113,120301.1071062244,128949.52721034522,127607.02734504081,114191.87764687376,114918.10717208132,111367.28874994356,114191.87764687376,114918.10717208132,111367.28874994356
2025-08-14,132102.79066753577,120312.29674176693,127857.5833124231,126429.19664385689,113385.53543700819,113795.37040883886,110318.07225805322,113385.53543700819,113795.37040883886,110318.07225805322
2025-08-15,131648.4976336429,120030.62184212253,127316.64347324692,126103.63565771113,114776.75180410357,114181.158016559,110711.59710704611,114776.75180410357,114181.158016559,110711.59710704611
2025-08-18,131975.3733579114,120004.48966858187,127437.97856744644,125920.38608057195,116084.64371750584,114810.96274451277,111160.50435460042,116084.64371750584,114810.96274451277,111160.50435460042
2025-08-19,132062.34063610563,119353.45318829785,126680.8211545329,124741.98020694224,115719.67976703565,113988.93160512795,110675.08031282765,115719.67976703565,113988.93160512795,110675.08031282765
2025-08-20,131917.62416020516,119036.32141882737,126489.89276495023,124446.9683742391,117360.05023337826,114659.88926174853,111267.8725526911,117360.05023337826,114659.88926174853,111267.8725526911
2025-08-21,132066.75958155192,118558.77033733529,126677.69918270368,124570.16190393391,117002.03596044559,114568.11988554441,111193.06154918624,117002.03596044559,114568.11988554441,111193.06154918624
2025-08-22,135407.78111228446,120379.4690909342,129687.38228882776,127612.17808845337,119175.54368674046,116969.22951094568,113136.77083777628,119175.54368674046,116969.22951094568,113136.77083777628
2025-08-25,135867.2610006194,119849.65366236081,129676.37228027411,127682.541935573,118800.38781061336,116555.10199550858,112638.69661137162,118800.38781061336,116555.10199550858,112638.69661137162
2025-08-26,136385.3372375839,120351.47197813647,130460.54407640634,128654.8505918576,119800.78856422851,117597.77672327237,113201.32277594665,119800.78856422851,117597.77672327237,113201.32277594665
2025-08-27,137225.30910686287,120625.68712075251,131005.59679747994,129452.54240977835,119518.7425823746,117737.79767716507,113464.7004601597,119518.7425823746,117737.79767716507,113464.7004601597
2025-08-28,137889.9045400108,121052.87333033254,131414.22842817276,130097.15610700037,119884.02940117606,118112.41849855012,113826.82972763486,119884.02940117606,118112.41849855012,113826.82972763486
2025-08-29,137083.2977137541,120330.94613433779,130265.79101149614,128628.26616710273,119440.41815612663,117314.92540924609,113119.71074456944,119440.41815612663,117314.92540924609,113119.71074456944
2025-09-02,137263.04847275646,119439.26341806528,131094.75662950592,129035.21667317553,119640.05059524438,117357.54891465516,113111.40199053164,119640.05059524438,117357.54891465516,113111.40199053164
2025-09-03,139020.4799062962,120086.57001983513,132051.45648312318,129792.58945936627,119233.29763803398,117169.83018745953,113137.74145680203,119233.29763803398,117169.83018745953,113137.74145680203
2025-09-04,141429.42565653264,121090.183627445,133778.14096482168,131434.27854105644,121750.66820765952,118980.69615248135,114590.28846105192,121268.76542727488,118774.5982659565,114642.43144015502
2025-09-05,141337.6771030656,120739.48295134696,134156.36214230582,131552.4484874856,121671.68463044884,119317.08129381135,114693.31409670714,122745.32824811028,119493.60368055788,115454.70348861894
2025-09-08,141523.3926118196,121036.08887701877,134229.13242534804,131726.383832742,121831.55959753355,119381.80240373082,114844.95873881268,122045.774312254,119233.68843346133,115642.843099823
2025-09-09,141753.67919695994,121315.9103493768,133619.71942736115,131219.7461258749,122029.80276894468,118839.79747470621,114403.24911629048,120553.34114916797,118361.08833916769,115327.56959658444
2025-09-10,142737.29703292635,121666.62253744557,133892.71530205625,131506.9400944992,122876.55782997579,119082.59675535544,114653.6376838207,120548.61424461711,118127.64190855509,114934.27825537992
2025-09-11,145138.17549764048,122677.69590208378,136736.30274875683,134156.18575678318,124943.37353995343,121611.64987277928,116963.36878220635,120886.97361090712,119186.74942562748,116403.76951838897
2025-09-12,143637.26193845438,122636.64421448643,135258.42927769836,133050.44927780647,123651.29951754693,120297.24655259901,115999.33810907423,120296.59530713678,118176.08335185889,115462.71260844173
2025-09-15,145712.19211350067,123289.54563402754,136099.81991757057,133949.9655320996,125437.51940266303,121045.56937014658,116783.5764548425,120504.17781230622,118932.83862995726,116388.66384250048
2025-09-16,144900.8153618839,123119.8016257205,134804.38120631076,132657.74809875214,124739.03915279526,119893.42145031597,115656.96340902746,119004.43200041135,117972.95855460294,115623.87353283423
2025-09-17,143937.668098412,122966.84207072725,134378.10466502732,132514.58805159412,123909.90594787349,119514.29611515928,115532.15005352085,119665.69910932975,118071.47026951454,115976.82794959478
2025-09-18,146299.93928981738,123541.39301752928,136354.29019068796,134417.0873542391,125943.48671700507,121271.89231892572,117190.83416806386,121332.4739743027,120147.88155302616,117439.76288054982
2025-09-19,146105.77964504462,124153.27728538521,135138.2671999294,133798.94562712862,125776.34190176285,120190.37565065415,116651.91032850789,120541.84391032845,119625.42094146473,117123.85719327022
2025-09-22,147370.250710681,124740.6525675724,135266.4878968447,134080.22626242397,126864.8717894826,120304.41357415421,116897.14330076022,121981.78953094139,120816.79927695243,118128.79290688923
2025-09-23,146612.90532659553,124061.63048646135,135007.44126043734,133736.64983892092,126212.90493697363,120074.02060953935,116597.59805790831,121056.04492921618,120313.63612431777,117934.01775645242
2025-09-24,144589.48763978877,123666.90803431948,133728.55132455856,132645.76488409835,124471.02993737298,118936.59110070174,115646.51572851202,119674.82670253259,118844.7196078712,116916.02068162402
2025-09-25,143743.12728736977,123096.3747652997,133141.09383461424,132027.83469920323,123742.43384151,118414.11336385399,115107.77662081285,119566.93892656734,118604.82509114502,116412.60014827982
2025-09-26,146161.14161292347,123801.60960374646,135141.97753659013,133521.21369197746,125824.00105601005,120193.67568971173,116409.77138648187,122059.30123073404,120574.07798048221,117829.26218642958
2025-09-29,145923.01770865946,124149.53589490031,134991.44494809688,134045.7307711438,125619.01003075718,120059.79375268452,116867.06862921598,121653.67929254087,120359.96336137956,118062.3599299077
2025-09-30,144579.85182636624,124617.18668157083,133970.42215432384,133584.2492085262,124462.73475156586,119151.70814368324,116464.72822156928,121661.29290709783,120481.49196981857,118347.16025186349
2025-10-01,144009.35067941528,125041.82874562114,133731.41909119984,134262.43331177955,123971.61389714482,118939.14153715457,117055.99905778973,120729.4608214166,120608.0786381027,118589.49493757598
2025-10-02,143049.10457778818,125185.84349936282,133847.28678248986,134356.7028575087,123486.72653351427,118988.97015862919,117127.67052744735,120732.74615135476,121112.70120057545,118952.24225922332
2025-10-03,143115.13866051869,125183.99007207644,133872.50838283822,134300.74509896841,123518.79189501349,119510.11386365585,117511.42985046477,120483.18397152802,120850.7909348154,118330.05253351828
2025-10-06,144307.08723400178,125632.93390632249,134966.50844011555,135101.04885199014,124317.66473167324,119563.06757984172,117067.10948338808,120767.00226206308,122409.26626597137,118929.49359148137
2025-10-07,140211.83060362726,125167.14805890905,131934.44821348228,132717.54355420647,123084.92729612647,117613.80179960189,114973.3223829778,121303.69229915329,121098.19184153173,117407.64499706485
2025-10-08,141452.37203100126,125913.52668071895,133296.5792809017,133622.94582544183,123667.76761675625,117771.74049338387,115055.42947841721,122431.71329077885,122583.39564523812,118464.32114253764
2025-10-09,139593.08175468317,125548.7583763977,131601.95305436305,131856.45383720452,121033.39426761205,114952.7711604841,112521.97364520936,120970.50551204919,120689.49878947035,116827.8698316644
2025-10-10,133768.2911540813,122155.44383827523,126808.6267157506,127536.41047179498,119030.77538302187,112105.25964050833,109598.23704529084,119925.94091107452,118325.02655628511,114640.78092113111
2025-10-13,138070.86513265857,124029.81139938365,130692.35904452036,130680.46845595942,122444.46187021061,114712.02362266458,112071.68008497443,121745.6117906173,120376.58641710997,116257.32937751016
2025-10-14,138827.61128894973,123878.29084073074,131763.4411644832,131586.96139037702,124192.0938109898,116840.7380297674,113674.09446357281,123303.37178096962,122067.14056170527,117444.25169890928
2025-10-15,141626.4063047652,124428.26373003967,134649.27513716032,133677.6316035605,126418.87442667349,117670.03957167461,114453.23296103845,124500.52283034977,124097.59413922847,119116.56227709823
2025-10-16,140963.6270997399,123580.86756513761,134840.704882817,133291.75279802067,126827.7513952126,117255.42632649443,113741.02081237658,122312.20659276386,122881.35417206668,118108.29092324158
2025-10-17,139893.77702966362,124282.34950112875,133741.89674004327,132649.07670643216,125199.82117630522,116735.58970082315,113482.27923919076,122654.50754294134,122058.83525953883,117756.26360632804
2025-10-20,143575.58514195392,125574.94810979196,136837.24925188208,134930.9004066754,128130.63626590159,118474.32128737435,114242.81174927228,123831.77854548494,123716.01162818736,118627.57674937409
2025-10-21,143320.86936060598,125573.06014659343,135672.54762867946,133912.9160123563,126557.67148840943,118023.54990590557,114209.73584184199,123767.52372200813,122780.71850003886,118366.02490654906
2025-10-22,140655.4295138077,124920.22779887666,133687.3408543232,132206.52955503933,126015.83709171442,118053.00380629029,113967.96054979763,121982.54335888078,121602.49694330139,118017.47537897692
2025-10-23,142125.439771874,125661.00009094457,135382.16237443185,133782.15325194946,127479.96320129531,118857.66307286499,114930.50536757123,123679.2300279719,121554.35285533607,118485.09472971811
2025-10-24,143712.9207954264,126687.97148715092,136324.58677113024,134667.6610050458,127430.01538119875,118756.69271569443,115292.47800555917,125724.2867771804,121775.53654794894,119024.24294079066
2025-10-27,145119.2394439765,128182.59367002778,137366.4309531635,135482.54258701234,127093.33086113741,118856.64383727041,115287.18682143406,126022.91883744879,121658.61208535491,118937.34623879737
2025-10-28,145851.1853156571,128523.04869218256,137064.82263999703,135163.8656487011,128109.41175548581,119439.55606462268,115332.98774091294,124993.86288996991,120766.88547290541,118004.21652507104
2025-10-29,147673.84820350632,128584.77587919799,138354.19277361754,136489.89717647046,129106.83306377265,118812.36885723293,115991.53377157496,128446.12200112955,122437.19995699369,119505.87307042237
2025-10-30,145954.31106349482,127170.58783576102,138146.0678725325,136503.73451995966,130320.20850131063,118727.98415542269,116287.04956249577,130013.99314270722,122852.05813915623,119838.5342634796
2025-10-31,146045.9832531767,127587.7356068708,137867.75005221204,135718.57892487166,130584.15052317042,118963.83036125723,116704.23605042452,131025.70712531525,123296.83629531281,119417.84791727804
2025-11-03,147153.08529927811,127827.18459790412,139067.41081469445,137776.3759371753,132749.6654756901,120036.2818920653,117794.31597066081,132066.01454869876,124866.71176931799,120748.18049453269
2025-11-04,144306.22903225193,126311.97901137498,137053.99094395246,135157.39574984068,130940.03267393922,118931.60649385242,116568.0192333654,131443.46084799894,124950.84108837237,120268.56445614061
2025-11-05,148069.7154800247,126749.69867416633,139730.83847292437,138173.6604379201,134191.475455541,121070.62833896649,119173.81985523447,134504.16271571815,128128.58623095514,123088.5704348336
2025-11-06,146313.05654491915,125389.755036775,139042.63912966996,136972.75849860592,132454.58114355992,119665.92383189911,118191.6215191654,132097.3345877306,126461.16858597157,121761.33975663155
2025-11-07,145011.17254822905,125513.20941080582,138537.2323493344,136535.4178362397,132712.66035496257,120147.51246992436,118702.08307517327,130699.47214994041,126351.37296835273,122368.91108310437
2025-11-10,147212.2499047737,127471.76401380976,140385.97224069238,138406.9329627091,135261.26571106605,122114.84850640461,120988.96170708892,130434.30760674036,127049.1584747009,123497.37010234056
2025-11-11,147295.4831525903,127763.56944769018,140364.28431911752,138012.9982463528,135324.99608062193,122484.1267590497,120998.92853871144,130572.90999144939,127395.53778555254,124002.08557985954
2025-11-12,147240.17404399862,127834.6558669032,140627.0412811332,137893.93691465384,134809.39032645276,122453.32602289453,120947.95511018884,129232.93810407323,127532.58931825915,123978.67093066448
2025-11-13,143064.73474666203,125713.36804576239,137332.27752985377,134492.0703766511,131258.2861401441,119977.80245696803,117992.05742339895,124917.0411211871,123453.14218250559,120308.94738832636
2025-11-14,142575.2663686897,125692.80766605155,137546.3162564621,134534.8930874602,130745.8905148118,119704.51453572043,117632.41583863247,125720.70881627209,123782.04643138984,120361.82182117848
2025-11-17,141885.73280285922,124521.78698019135,136414.39629281624,133158.19521353926,129146.28003754563,117584.23484819202,115650.35106057265,123784.27904455352,121813.03207397752,118660.99453537226
2025-11-18,142783.8506846628,123476.12014353125,136862.87053056376,133034.49571429464,130081.71600923785,118610.2952242198,115922.21669960115,125073.15031453012,122350.27804058915,118830.75080691781
2025-11-19,142718.62947580474,123953.13016239936,136819.88686511817,133190.6112683003,128908.79041850692,117666.44152068086,115605.69535624847,124816.1098981319,122602.29219747556,118941.20353532209
2025-11-20,141238.8969647664,122063.79703935137,135226.90662322642,130879.6890411512,126949.50296001139,116179.16969113806,113414.45404400253,121349.30971746276,118897.61309844778,115680.34077952222
2025-11-21,143556.034561772,123279.70289905959,137718.72449491938,133695.36360725583,129285.63157946429,119198.72311672862,115878.7784517298,123948.05852512116,121097.54868634082,117469.1285213588
2025-11-24,148778.22360377072,125094.18518846823,140795.89534839033,137387.3335365677,132069.3856071234,121046.46525016578,117985.7190414956,127234.72349458648,123785.85488834772,119427.57282103552
2025-11-25,151652.3778005924,126270.8122040704,143654.66749653756,140353.54574244568,134390.5033039353,123512.94815087368,120579.95361502854,128682.53476743095,125749.30893534406,121473.93552339992
2025-11-26,153617.32420819456,127142.53316310966,144946.60377735377,141527.38564813047,136334.89211580632,124801.31808555262,121970.53777702728,129814.14659654244,127024.90436249704,122585.5846268002
2025-11-28,152753.88057810685,127836.53231813101,144409.70415954056,141292.8985523853,136452.63766212363,124665.9523314646,122072.7327580855,130133.84242720736,127340.25146135878,123005.24717501795
2025-12-01,149991.66720095818,127252.89842642873,142519.22709901162,139771.22199251113,133985.1964533647,123033.94265789924,120758.05124654144,127780.66272335274,125673.23228486777,121680.52278309828
2025-12-02,149425.62172045003,127488.60602697716,142013.13217904564,139122.127155494,133479.5568159554,122597.04108588815,120197.25311679128,127298.43800278929,125226.95844393504,121115.44071725302
2025-12-03,148413.16749036504,127930.0670802534,141894.45831318473,139122.31074619558,132575.14729963857,122494.59249698203,120197.41187209966,126435.90949482618,125122.31213668839,121115.60067827623
2025-12-04,148382.16378351027,128023.59033040507,141895.0892282386,139031.49832728674,132547.45179454988,122495.13660482876,120118.95248531536,126409.49635542202,125122.86799491337,121036.54195191362
2025-12-05,148905.23049745924,128266.76919995257,142350.9529438295,139940.1292597106,133014.69897742252,122888.67423427988,120903.98165536176,126855.1064076885,125524.84771474209,121827.56797006399
2025-12-08,146758.29619771303,127881.42900394976,141121.85550007087,138545.91344393772,131096.87658148468,121827.61893606686,119699.42166191875,125026.0938669997,124441.03103268005,120613.80634854148
2025-12-09,145359.81614270588,127771.04071668925,140286.02207146748,138343.92227204732,129847.63631746324,121106.06120645374,119524.90771822038,123834.70291641771,123703.99461677377,120437.95927969425
2025-12-10,147174.40874695237,128618.45990553277,141987.56853917608,139841.6410565031,131468.58308239316,122574.97145407068,120818.8909455678,125380.58741700176,125204.41553240678,121741.82724779959
2025-12-11,148255.15731367463,128917.74812038298,143341.99948759284,140896.09426032056,132433.99900491064,123744.22390319026,121729.90606099203,126301.29732817467,126398.75048145978,122659.80162015207
2025-12-12,148379.2065773933,127531.61474959737,142700.83434950374,140375.47800201768,132544.81048513713,123190.71965155612,121280.10994276116,126406.97748046837,125833.37253499312,122206.56948772128
2025-12-15,149515.70248794192,127338.9388956106,143203.38822930725,140777.0706411475,133560.0245175018,123624.56454893721,121627.07397258485,127375.17942583941,126276.52409706068,122556.18396282205
2025-12-16,148129.513438843,126991.01260445674,142281.10896929866,139648.03797233978,132321.76357053983,122828.37953036226,120651.62437096851,126194.25934904955,125463.2595607302,121573.28289462382
2025-12-17,147675.35657413196,125593.65506221645,142490.72800937115,139653.64953397083,131916.07254827395,123009.33988508511,120656.47291874788,125807.35496836803,125648.10175310916,121578.16846375035
2025-12-18,147924.1691970817,126542.04574626926,142647.50028253306,139938.20936810382,132138.3326490617,123144.67803893585,120902.32367891214,126019.32262017931,125786.34316491053,121825.89729028437
2025-12-19,150340.560466312,127688.960365436,144414.764503905,141430.31097613668,134296.85654534138,124670.3204792821,122191.45303809934,128077.8902850471,127344.71336264651,123124.87435201154
2025-12-22,150945.46260540924,128484.44905434917,146179.35850507926,142679.25988700602,134837.20602584392,126193.65798887363,123270.50640235175,128593.21744247855,128900.72915405492,124212.1706225154
2025-12-23,150707.20494047482,129071.67468091696,145427.74740698014,142042.44355059238,134624.37396394022,125544.807378954,122720.3164901891,128390.24103215129,128237.9595935636,123657.7778120477
2025-12-24,151169.32866130135,129525.70680622246,145925.03125168348,142408.8656929059,135037.1819210171,125974.10251684136,123036.89408473094,128783.93288242667,128676.46383106946,123976.77374002982
2025-12-26,150946.59453468758,129512.57164762779,145798.14120151667,142394.53953177744,134838.21706213718,125864.5609481784,123024.51675361871,128594.18162225556,128564.57240393836,123964.30185673629
2025-12-29,149087.5002423761,129051.03371741105,144966.76011672174,141550.55662852846,133618.55543018528,125295.00462233169,122353.35964287409,127430.9996236536,127982.79808568634,123288.01777016761
2025-12-30,148414.60417600878,128893.44635018724,144360.75148559373,140805.59307621588,132784.8118229182,124607.09551060207,121777.56193222995,126635.86470623633,127280.13213314669,122707.82153696821
2025-12-31,146480.3573996544,127938.48233085174,142692.7736809896,139381.91593012467,131223.99566258796,123569.7574384936,120712.71045500347,125147.32616163453,126220.54134360593,121634.83565094585
2026-01-02,149155.72669427126,128172.992686445,144615.37144876434,140669.8892775475,132169.86105791113,124840.17416887078,122085.05977347423,126049.39074719872,127518.21078926952,123017.6683732431
2026-01-05,152890.8502279438,129026.63985144952,148016.7838492186,143105.03816599734,132879.3006239329,126061.55352634493,123151.47401291445,126725.9779784653,128765.79087873113,124092.22897125274
2026-01-06,155707.80644964095,129793.99328391628,149773.85155074642,145082.28951847454,133843.21072289709,127279.7653233686,124819.81064108996,127645.25178192912,130010.13540948939,125773.31003177354
2026-01-07,154600.63484109208,129375.61373193916,148426.27669289123,144312.65871896024,133466.48113159245,126663.07234765994,124089.8652016282,127285.96739847257,129380.21328664383,125037.78853694568
2026-01-08,152880.7603133457,129362.47857334449,148915.4597117544,144547.34093465947,134240.2354369723,126750.33266683151,124458.35409868255,128023.89110820403,129469.34546443478,125409.0923139399
2026-01-09,154874.66673802916,130218.00218957683,150151.40102068786,145332.87011389105,134508.9881767629,127301.05763456966,124695.1752700197,128280.19860014967,130031.88439007656,125647.72255995433
2026-01-12,155984.84523726377,130422.50083749587,149867.4404704136,145387.77583247877,134740.9493766081,127706.26027711651,125064.31651587141,128501.41835958492,130445.77926247034,126019.68366569225
2026-01-13,154801.1934179823,130161.72016471328,148872.62396880626,144494.55515464148,134377.37099050177,127225.46217402331,124735.69562972036,128154.6764340725,129954.66716810806,125688.5524309717
2026-01-14,153967.15762547727,129521.95390376683,148733.6734489179,144786.64032698344,134818.29797073986,127227.14461486327,124359.27017049403,128575.18519507413,129956.38558571658,125309.25143720847
2026-01-15,154446.98366248238,129874.66917474136,150824.27503853556,146295.27924232182,135690.35026914164,128438.34129484024,125457.02496283741,129406.85511299239,131193.5643811477,126415.39195185687
2026-01-16,152459.2767622041,129765.84651549914,150226.34077631115,145606.47361932936,134472.83694381503,127324.53485406439,124468.89218041151,128245.7219616217,130055.86475352113,125419.71079740839
2026-01-20,151074.76398866408,127124.22912966048,148001.20679958598,143446.50017694087,133958.82902989304,126644.12081470147,122961.9806523122,127755.51651504461,129360.85477604636,123901.28798628494
2026-01-21,154889.94405844915,128591.38375039285,152036.24564954598,147030.7503799998,136241.64677608493,129035.36868564773,125238.38417046872,129932.62236929411,131803.3990164682,126195.0809583782
2026-01-22,156195.29051671055,129263.04968221205,152614.09442371485,147714.2906023074,136486.7620912673,128941.29379587909,125421.93198487913,130166.38690933629,131707.30608763118,126380.03090673448
2026-01-23,154028.2703018275,129309.93793896583,150203.87992658038,145483.0688408334,135295.41789152013,127614.71276172921,124038.30681515965,129030.2109268518,130352.26762020573,124985.83622150602
2026-01-26,155738.8973186341,129966.59226096256,151436.82096869807,146702.78419593876,136165.19018449646,127887.4832052163,124946.04230671286,129859.70604799077,130630.88946276829,125900.50591868436
2026-01-27,157113.32004697627,130484.41221604285,152001.9825128415,147033.2846095301,136429.75543657632,127894.67411243475,125269.80301570872,130112.01983124694,130638.23462725148,126226.73985218926
2026-01-28,157215.64086579403,130471.27705744818,151959.1765303962,146414.85220179913,135705.79273209258,127901.77015311646,125022.88390639095,129421.58212355031,130645.48290961237,125977.9345272137
2026-01-29,159102.62581323017,130212.3728358934,153217.42273870792,147141.53651078368,136769.37637422045,128120.78212740025,124925.63922505868,130435.91383562781,130869.19302672784,125879.94697555463
2026-01-30,155042.28726771855,129824.00499159051,149115.37423893964,144016.38510970256,136464.54146451477,127392.93911700355,124404.7201575138,130145.19516030775,130125.73658946306,125355.04860948198
2026-02-02,157407.21904817404,130469.4121181911,151883.69653823014,146865.55436393587,138077.1748789886,128582.9690638522,126308.14141221117,131683.151308543,131341.2947337305,127273.01011760866
2026-02-03,155987.69905768475,129366.23147580012,152694.1324533508,148170.8257095064,136767.7246203567,128678.25037007271,126052.48491056793,130434.33844063399,131438.620007781,127015.40065704708
2026-02-04,154163.73522808123,128739.60037344832,153236.67863841768,148320.88481404167,134521.1839733224,127442.90082642612,125458.92021649927,128291.82962382246,130176.77003788241,126417.30169730845
2026-02-05,153195.7315798181,127131.73493457171,151587.26843513327,146199.05852883664,132608.94010008426,126420.87510266743,124467.80265850287,126468.13714209953,129132.82002099391,125418.61298018845
2026-02-06,154310.41862149112,129570.73012371914,155493.48583637056,150448.4814240881,135083.27933962204,128212.4141737172,126537.3329643667,128827.8957349622,130962.79069523727,127503.95244171873
2026-02-09,154223.48867325985,130195.49628681384,155505.78824934675,151026.6236066442,134085.95131003426,127725.37600563635,126124.07494042434,127876.75160944615,130465.30476174928,127087.53754757765
2026-02-10,154826.78909292482,129852.15176000765,155761.33561610142,151293.27308909345,133646.3058156849,127645.01549584253,125657.17269613231,127457.46526348263,130383.22031278965,126617.06861262905
2026-02-11,155717.72766340143,129822.14005233342,157062.15637994476,153779.61036984305,135971.8924528219,129242.34509246705,126638.65179358557,129675.35967457788,132014.81534403385,127606.0452342852
2026-02-12,152379.825899461,127816.53602498559,155216.97598516376,150675.7055490653,136630.8646003987,129190.04143418849,126810.42740990098,130303.81640888278,131961.38964244898,127779.13304346977
2026-02-13,153555.88605882716,127906.58265997897,156427.22470034665,151796.73928619313,136734.62692388368,129864.53397706787,127813.21538007198,130402.77381842706,132650.35117009003,128789.58131202646
2026-02-17,153243.6644746474,128112.95775912583,156198.41064448253,151226.788210162,137052.34080637162,129349.99608921476,127441.73170654,130705.77523068781,132124.77558218254,128415.25987197751
2026-02-18,153722.28871263773,128758.3533737557,156364.18160761322,150953.62263141805,136676.0675369686,129533.74852835618,128046.88364928366,130346.92625045171,132312.4699130336,129025.03458326022
2026-02-19,155202.44620626184,128418.76174940512,157585.5678317247,152029.69870709183,135959.88988713644,128876.94209591096,127372.60032116403,129663.91282176811,131641.5738221461,128345.60039293856
2026-02-20,156852.6153408029,129347.47847549274,158294.16344681627,153195.29414834644,136379.97024039217,129236.41563934942,127491.91059843001,130064.54011756812,132008.75878614746,128465.82209970297
2026-02-23,154140.5792154065,128026.66402658804,155079.14919173552,150344.77734386898,136575.51961765034,128564.88948745881,125989.23346252111,130251.03417933265,131322.82728752322,126951.66601753267
2026-02-24,155712.66305470353,128957.22266799131,157660.11353910656,152147.22220698275,137564.64512555543,129570.0208106266,126855.27295069495,131194.3558283918,132349.5203756,127824.32117932121
2026-02-25,159006.19889065047,130045.40321253055,158623.72130440795,152980.4975301466,139154.21490194363,130307.58484349574,127051.89156078007,132710.31619322536,133102.90638028417,128022.44174853514
2026-02-26,155640.74263809324,129323.0730975605,156134.09600479438,150212.70132072846,138365.76549317778,129401.99853488637,125934.9038898371,130522.8274591042,131696.613487011,126754.43955383434
2026-02-27,152963.63142962896,128702.07134889215,153994.39156688334,149308.5241431515,135985.79359207003,127628.63775722691,125176.8624581669,130433.70456885996,131193.65613321212,126339.49518188363
2026-03-02,152741.9179472499,128775.2529467767,154113.53739102732,150233.7122241167,135788.6889278789,127727.38443113476,125952.51927022553,130721.38666561105,131808.76387430745,126590.9908526174
2026-03-03,149252.031646155,127640.18414548368,150959.90742507408,147457.0225062544,132686.15445234216,125113.69539354768,123624.60622434155,129139.31912476112,130428.21250297817,125326.18972302089
2026-03-04,150212.01508508416,128540.71956724199,151643.25956484425,148489.05816749381,133539.58708917894,125680.0494007659,124489.84157318258,129859.1983947689,131299.70632550423,125885.95751966885
2026-03-05,145527.4773589105,127824.04182989681,147590.7298607437,144596.93485888798,129374.99780449235,122321.3629446235,121226.77418388482,127190.53286919216,128913.62303966355,124224.26380038177
2026-03-06,142937.19209508508,126148.63565878979,144049.24774303983,140825.19893871568,127072.2148703759,119386.22653755217,118064.63668875776,125927.33007702605,127302.70925076878,122616.99042316657
2026-03-09,143970.1991956671,127253.69275240859,146063.98245030094,142464.2885422519,127990.56603883857,121056.01346195849,119438.81178946515,129697.89069721593,129462.89628926684,124311.96487578753
2026-03-10,143627.47911302425,127049.18259251883,145794.754593106,142402.39334386576,127685.88529650388,120832.88058038251,119386.92028120223,129315.53501698632,129225.84035637423,124360.05151876686
2026-03-11,142649.1452009592,126889.71877406721,145919.92812032325,143038.80639693493,126816.1383621972,120936.6220003265,119920.47384254911,129324.12648803828,129672.17111256818,125212.08040769697
2026-03-12,139454.1519632664,124962.90267434593,143219.69205406678,140436.479033587,123975.76539924479,118698.69944944707,117738.74171469343,127530.43569169314,127783.79558981438,122944.58936663638
2026-03-13,139813.03152840098,124255.59568116907,143006.2993225865,139927.62662439447,124294.81170999401,118521.84216843624,117312.13145832079,128581.45366533978,128408.44485537836,123616.88563160392
2026-03-16,142063.7707394099,125520.1281052102,144736.70131051957,141156.42806988742,126295.73575712561,119955.97789454962,118342.33050178626,129173.02922019082,129287.85861476618,124417.25221765363
2026-03-17,142765.20738764704,125850.3144494803,145668.16599008793,142600.04831136856,126919.31797029573,120727.96399810711,119552.62881870406,130110.31734785513,129845.55018694149,125318.72175354592
2026-03-18,142229.26912022237,124094.24389951891,143886.81813569216,140787.69984656366,126442.86527287836,119251.60526290133,118033.19739337514,128762.12992315124,128228.87702669692,124591.58929787802
2026-03-19,143239.65059999592,123788.43990923962,144432.63396510208,140724.02684295594,127341.10215718787,119703.97076739327,117979.8156670537,128607.89659526928,127294.83653780472,124542.86937191112
2026-03-20,140187.2849593846,122013.8350864146,141721.71828467512,137389.26492768465,124627.52656374859,117457.19763657519,115184.02696733466,126041.0633943195,124224.36919412648,121639.46349076442
2026-03-23,144996.1299273785,123294.97928420869,145898.9985025089,140631.14644711625,128902.62559589768,120919.27617019948,117901.9468859891,126938.20627230275,125241.5287943977,123059.66263386827
2026-03-24,148872.81203745824,122881.10091278415,149487.62030985553,143861.58348658393,132349.0249484451,123893.48137333975,120610.27138041638,127092.59187286667,125435.29453156501,123025.65808923049
2026-03-25,149510.62513807803,123565.87897925658,151087.80503030313,145285.93538036488,132916.04550272616,125219.69455727295,121804.41555878657,128240.37680173053,127039.37016865355,124364.69405298818
2026-03-26,146311.8566907818,121359.14931141147,147613.34441867893,141295.12242736894,130261.042161708,122728.24996306057,118948.21884442079,126183.52555257283,125432.41017775763,123031.15103094911
2026-03-27,145619.41556599486,119289.74594231811,146898.28874413043,141017.98549441807,129947.24072278848,121979.51353875113,118242.98556211665,125056.0902213481,124277.00583075151,121244.05891485944
2026-03-30,143714.6570676631,118890.91371662823,145740.72763346595,140011.7986543533,128197.83692402527,120521.9285097894,117126.85029148233,126926.55150186324,126203.3961958091,122146.60906014669
2026-03-31,145250.8030203103,122346.81883957033,146714.18391674795,140484.25319462994,132969.67954268644,124926.03967837256,121839.13893973967,129910.75136369767,128968.07969053273,125361.46171178845
2026-04-01,144241.8686019339,123268.63989519503,144896.85001967472,138686.36080279385,133068.8659548145,126127.55715616443,123649.87593429041,130795.20279540193,130346.91542705044,126734.77923268586
2026-04-02,146163.01323371718,123379.63831690383,146508.0916471526,140394.2332498382,133081.3944768184,125996.59834900964,123287.61982342602,129924.84617925015,129905.4499368508,126841.18307026345
2026-04-06,147059.7870913872,123962.83475371865,146915.45150751836,140919.83293565435,133545.34256579907,125947.47912668365,123626.06857509966,131036.85344092366,130093.13242236679,126837.7385487616
2026-04-07,148985.68270542173,124017.37847100307,149191.96363861,142617.9578363065,133157.89542443253,126562.25581495177,124265.97683066537,131538.834018624,131060.12907518428,127618.31439782838
2026-04-08,149227.40239620858,127176.05602185433,148421.549039829,141090.59761446892,137201.43259729331,130817.8831523671,128525.35938094517,135361.40353367204,134431.83979691542,130948.62113305081
2026-04-09,149874.7310305395,127909.73693995702,148645.62705701575,140900.68546101428,138645.18269187174,133095.09675608267,130817.61159166752,136278.49405640527,135104.6464025145,131753.1195671163
2026-04-10,148395.38171156624,127825.0894192326,147918.879748385,140616.05225975005,138628.10052216577,132955.91232897408,130504.86322294243,135065.41360308568,133749.11364363672,129459.9193250506
2026-04-13,149422.9661794882,129074.25336235885,148942.135794829,141586.4129986001,138534.75960010017,134080.08944730414,131937.8462866916,135818.44427062885,134345.51166805037,130431.65998296726
2026-04-14,147005.8996744994,130647.00729053105,146786.27213776996,139586.41469885505,138568.54016352448,133526.00888045703,131567.88103913405,137170.97180957883,135813.98205123062,131004.39884540894
2026-04-15,147345.28183680924,131677.93880466605,146605.87698487114,139312.61306685494,138343.20780408737,132124.90195046522,129841.45942387954,135802.03145739037,134678.94982758266,130514.84144167468
2026-04-16,149883.82699346487,132001.51727774125,148798.73685564008,141628.64728704887,137934.9866517542,132864.0286124528,130331.9789388791,134973.44792683053,133675.1941743853,130639.26508823823
2026-04-17,149540.76850981585,133596.84618050078,147546.33910145736,139624.94266885848,139882.32964808974,134282.76648840282,132027.69216445144,137489.8265047151,135031.69904968076,131894.5745815769
2026-04-20,150900.47386882736,133329.6878759378,148471.96413765464,140317.84514177704,140032.10816040623,134501.0952577205,132104.05008177424,136244.6952310377,134706.24479330034,131957.32675271505
2026-04-21,152236.31604467612,132456.79269588483,149713.68145920275,141393.197716503,139204.22470051734,134273.21425346853,131775.60293573173,136753.2785175657,134233.23115369718,131986.6398922158
2026-04-22,150139.52889618895,133798.1445005589,149439.3396364138,141812.05144530025,137225.00937628126,133559.79301164794,131627.55422445148,137694.5559939871,136000.8943864749,132501.17105239365
2026-04-23,151243.6824565838,133278.9085730797,151314.78274100862,143606.26134084212,138584.4508937361,135660.89876347256,133463.90726516955,138980.3434143405,136335.06556762234,132854.83637997485
2026-04-24,153503.18993443318,134311.72805041322,152230.34281490225,144091.78430513004,139822.81684024175,136143.77095562842,133938.52066754302,138918.12418312268,136387.3764947642,132560.49886244308
2026-04-27,152544.62824197346,134543.11866194062,152512.65988743622,144148.72280095617,140942.97941357657,137318.85145098105,134948.8945146055,139678.25991962486,137586.17956806786,133861.3081653366
2026-04-28,149980.506557679,133888.4328869375,151014.56277420247,142905.94045578045,139232.60227428074,135279.28219840903,133022.88639258023,138767.2164623723,136634.43428594453,132637.11407310003
2026-04-29,147670.98615218722,133867.7458755487,148119.26540428333,141608.6998447014,138222.36557072352,134318.26721862817,131471.42940827305,136840.83593034942,135259.27551282925,131787.63925820778
2026-04-30,151273.82320397318,135199.68088817157,151024.52801380033,144410.1094901346,141939.354950507,138422.5528752251,135809.04312811414,140410.58284411408,139162.87898838846,134715.79122820598
2026-05-01,151866.20070969322,135574.06168804632,151546.0637470937,144701.62248735726,144131.17815172178,139166.2162950687,135887.60915673338,139828.62332835482,139000.8278377201,135099.86133942928
2026-05-04,150316.67003094408,135077.40073515446,149650.59866048547,143102.3215630068,142400.45965788385,137117.61473483028,134946.5957732711,139994.9006494456,138872.1340217129,135040.1195367511
2026-05-05,154601.4972336772,136161.02253928749,154375.7959082413,145626.93201131534,146544.360994502,139912.6591139239,137056.24156926264,140904.69067340094,139558.24276657795,139892.53506912474
2026-05-06,156769.6539900228,138053.57901413785,155010.14592929604,146150.69567232346,147451.74999049725,140721.01226733773,138862.80373397737,143296.20645492856,141417.87949538074,142231.98738229225
2026-05-07,155044.91482176684,137630.29536263284,154246.31186988569,144825.2344513137,144281.7016286504,138431.05756891466,135824.85127147415,139653.61116843676,139307.3962779783,139506.08836873085
2026-05-08,156608.51814831462,138766.58443282248,156365.05774916918,146517.02676585715,146069.47755051422,140115.91769378312,135751.42938137625,142018.66433408746,141819.17311417358,142753.21599757997
2026-05-11,157151.5356227705,139082.63407704502,156401.6835810208,146798.75921502704,145755.63295824683,141058.5929165092,136343.92335945403,142210.86443021538,142250.12386036833,142206.57182943248
2026-05-12,154338.76545708126,138871.93047690642,154194.55508029586,144894.54493655436,141933.47191408815,138180.7147193408,134324.39324761988,142181.50348473628,142820.66507812333,141584.99652248496
2026-05-13,152952.71527312123,139648.89640492667,153099.6277495434,143919.8181329907,141396.13074060375,137572.21456452808,133452.47317272073,142046.70731654402,143429.09198678582,142380.91239837313
2026-05-14,153337.91608106057,140751.32876922068,153669.58340408182,144394.32662233096,142109.07873898305,137961.80308299648,133613.8043427034,141935.90827316215,142514.59047928345,141925.3579575067
2026-05-15,151583.290822378,139058.18265122987,151496.34336555158,141949.19337953182,139142.21641154756,135074.69076242714,130955.29990800799,140280.34456287613,140476.89173802806,139685.108709832
2026-05-18,149721.47452224317,138960.3539240279,151465.36860941636,141499.3770073606,137709.4124553897,133884.36144964225,129588.4511258509,138164.63522300232,139870.20469745927,138774.80616875977
2026-05-19,148722.3060004536,138034.76845397687,149483.60194790966,140203.1355671117,136395.3687124285,132517.79558164737,128713.20961901426,136864.1486356908,138747.73964282975,138143.62519831787
2026-05-20,152361.31468830153,139449.48604806708,153170.02234434703,143266.6726993264,139793.8916339142,135349.79726006452,131271.7225898526,137166.21493026955,139892.02287865715,140431.7320168867
2026-05-21,152886.34022116644,139726.02660876914,153751.1622757334,143274.58646579753,140017.9876318654,135217.19990185325,131147.01523363087,138306.16879708928,140961.65710830185,141206.15102297842
2026-05-22,154270.04349941618,140275.36633968833,153979.61548354873,143949.7117544857,139352.39252832063,136285.97053526214,132897.6005579657,136365.5290705528,141059.7373422165,141475.3722446683
2026-05-26,157329.8466428203,141206.60418736422,156560.31315407023,146262.76188817326,142116.31816390736,138570.1224377476,135033.0602144815,139070.21308746553,143423.8976446938,143748.6635363296
2026-05-27,153333.36237586,141182.1412495784,154762.2159741879,144955.8795808646,138506.28769010358,136978.6426480533,133826.51700577803,135537.55971228186,141776.67222987695,142464.24507973084
2026-05-28,147191.3302879697,141960.98362882645,151754.32015481527,143009.55931757722,132958.17924070035,134316.38064440765,132029.6303202938,130108.36870768394,139021.15779487556,140551.37990717334
2026-05-29,145860.79646479103,142314.66590534168,151190.25922303618,141909.43455566425,131756.30591980397,133817.13515932037,131013.97037937297,128932.2562328975,138504.42501933637,139470.16507368776
2026-06-01,146229.70018256988,142702.20488775254,152867.2961413877,143627.40149430302,132089.53693383175,135301.46496765153,132600.03578948983,129258.34474197878,140040.7474301512,141158.6019814883
2026-06-02,148661.97757835826,142895.98589092868,155233.04258540508,145917.57207305904,134286.61695371877,137395.36563657707,134714.37265479035,131408.33273876988,142207.99241419352,143409.4070227117
2026-06-03,147592.59632295676,141893.25870506445,155596.84550222068,145864.7536793561,133320.64222442513,137717.3637659944,134665.60927486443,130463.0624363731,142541.26951511943,143357.49646011932
2026-06-04,146547.89674593642,142429.42874147682,155161.26661710057,145929.6637702611,132376.96432587603,137331.83767606417,134725.5360035937,129539.61142660487,142142.2391370305,143421.29088212174
2026-06-05,142189.08628281983,138753.41473831562,151100.80751314957,142592.83103976163,128439.64357284561,133737.9623711781,131644.89748345406,125686.68279216764,138422.4789678808,140141.81474854247
2026-06-08,143884.96890749285,139067.57641933966,153385.55912822817,144363.66907074972,129971.53690659316,135760.1750997962,133279.7747019044,127185.74163158746,140515.52499897667,141882.21395914315
2026-06-09,142289.42316859978,138659.35042554,152822.55274039603,144038.28032371338,128530.27828168894,135261.86341488172,132979.36861408688,125775.37489324925,139999.75860876677,141562.4183147507
2026-06-10,141773.28269279233,136473.30776908368,152454.33719365785,143412.98025541307,128064.0477802549,134935.9594143553,132402.0778984928,125319.13753746502,139662.43890696217,140947.86655279275
2026-06-11,143787.18757670533,138792.92382183613,155078.49219135437,145561.17368696004,129883.21184733727,137258.57517491712,134385.3382101271,127099.3099203919,142066.41031477987,143059.13486389854
2026-06-12,144850.17444967414,139543.55036084272,156122.54741764726,146891.0709138439,130843.40983100017,138182.65911408598,135613.12916235553,128038.92715598154,143022.86265354522,144366.17260426315
2026-06-15,143806.32926366923,142004.25712677327,156198.74375219594,146632.3623980553,129900.50276121635,138250.09930810533,135374.28338914568,127116.2302622918,143092.6652553261,144111.91094350108
2026-06-16,142814.63270582785,141157.68982376324,154981.4891911867,145519.64371927376,129004.70172832174,137172.71864032344,134346.99674774273,126239.62975869357,141977.54644927182,143018.31873601273
2026-06-17,140945.03326518298,139394.93081881193,154097.81736765773,144241.4419165631,127315.88876666369,136390.58824603248,133166.93212167,124587.01450042425,141168.0200463937,141762.08782020255
2026-06-18,142623.01696597217,140844.2188609826,155996.65832512736,146099.68666431657,128831.61434584345,138071.2350377264,134882.5052546866,126070.25219866027,142907.53588340376,143588.39133831405
2026-06-22,143255.69123276812,140400.98496421505,157464.88951249837,147124.09573646137,129403.10960157074,139370.7526697579,135828.26252965967,126629.49799154347,144252.5726258265,144595.19189541225
2026-06-23,141442.24283868005,138362.08831753698,155399.9952781971,145025.15707823553,128587.81307114885,138054.37102221817,134454.24261883798,125831.67667099948,142890.0810074017,143132.48652073336
2026-06-24,140367.77901494753,138297.95512864052,155010.39464845345,144764.7136361357,128314.53340560595,137299.0802901704,133605.13306557017,125564.25454955045,142108.33421115312,142228.5717141291
2026-06-25,139982.87003226648,138497.88352418263,156937.20730250172,147090.90178803468,129645.69955663633,139530.53481009,135725.78673318302,126866.88862171104,144417.95137888473,144486.10156281322
2026-06-26,138661.44889820454,137496.35358327357,156039.50607070577,145649.05177427043,129219.4262954664,138901.90004104844,135504.08451359507,126449.75219989003,143767.29686094195,144250.08933797237
2026-06-29,136337.188166073,139761.5870863317,155934.82006124262,146735.8150604638,130023.52584933052,139242.14204674278,135875.6946996095,127236.61668319571,144119.45680863614,144645.68490665322
2026-06-30,135207.68384287346,140849.8827505782,156265.30969877247,148283.4389850622,130623.67798072225,139377.1569659879,136143.1296002733,127823.90525363418,144259.2009317475,144930.3811552347
2026-07-01,134667.92135954622,140953.61711876094,154989.52549535467,145965.7183874234,129279.94343897222,137680.7666976962,135737.38498534763,126508.97205954143,142503.39016519248,144498.4479841078
2026-07-02,132660.60121047223,140474.54645713346,152596.5411394902,141872.30769484828,127430.05847323316,136004.8011244136,133808.47889907422,124698.73726942221,140768.71954805395,142445.04215450946
2026-07-06,133301.8356676704,141700.52529122407,152609.82161326238,141820.38927209852,129331.52980149083,136692.05548987613,134144.84990867597,126559.45263247791,141480.04677024033,142803.1240334855
2026-07-07,132078.50090116292,141027.17861167935,150626.63069869898,138748.37206027826,128952.79161523943,135987.0890537685,133242.80980362082,126188.83230665127,140750.3870285564,141842.86251735492
2026-07-08,132886.89572373033,140591.48505573522,151206.77928754615,138966.69053385372,130389.8979499022,137064.65486732038,134406.53196598566,127595.13574298177,141865.69741027895,143081.69627690566
2026-07-09,134788.12991302882,141781.6271249659,153306.7381333807,141407.1607547417,132306.67092676298,138772.1403295666,135853.45212076578,129470.82491340533,143632.9918997197,144622.0067641377
2026-07-10,136299.6173051761,142392.72857881268,154168.75874733413,142238.56628067046,131965.10816365373,138836.45499940187,135813.1805637127,129136.58314335506,143699.55936035718,144579.1359096466
2026-07-13,134738.5708387724,141302.5449513677,153215.2698888316,140508.811498238,131524.6708107694,138238.67656709638,135335.36532883803,128705.58598535084,143080.84221251472,144070.48041737702
2026-07-14,136204.67023575926,141804.25965940685,154852.58172044245,142700.25321286448,131564.57922988734,138689.95221961808,135915.28279241963,128744.63905480302,143547.92498838904,144687.8282864276
2026-07-15,136977.89515726306,142366.32011797468,153661.47784559082,141787.04309659023,131608.5805722871,138014.50435035097,134801.35059139587,128787.69724830615,142848.8177208597,143501.99819572526
2026-07-16,136181.4890975606,141594.89144787207,153400.65298323412,140652.20941564266,132015.55438847176,137617.99650123005,133941.55644263694,129185.94793698151,142438.4211374235,142586.709108894
2026-07-17,135548.24683297204,140193.5047158788,153476.62466757675,140538.8043847208,132680.4898302522,138442.09868215173,134822.09685858391,129836.63109185146,143291.3897179278,143524.08335905703
2026-07-20,136107.90536076252,139967.17937146942,153454.06477968825,140466.98929312555,133064.11800341713,139064.22317752347,135186.90242482256,130212.03652612635,143935.3057724369,143912.43510514568
2026-07-21,137532.18920319705,141134.68890625917,155648.4218860196,143109.83173058563,133838.19016573526,140419.2539821258,136755.4879262678,130969.51730549776,145337.80013607861,145582.26385160754
2026-07-22,137574.47321343466,140970.58576360627,155217.78747443148,141987.8882381326,132766.28479199525,139362.91466860325,135729.72332445442,129920.58709538144,144244.4597626693,144490.29198048663
2026-07-23,135938.43443336926,139229.6995030282,153032.45076704066,140406.55002518726,131538.87192641938,139476.9857806693,134827.37559741345,128719.48232797427,144362.52665935253,143529.70308007803
2026-07-24,137363.94066765215,139371.15859926946,154313.4940546645,141654.1233002747,131188.17173459785,138929.48549452983,134125.96739088258,128376.29907078744,143795.84865984463,142783.0229804918
2026-07-27,138485.48806432402,139401.34298650452,155647.68768469943,142993.47020327137,132089.9402493769,139438.46369807722,134112.73026225384,129258.73908318172,144322.65516524328,142768.9316192081
2026-07-28,140618.0218057465,139735.17862549372,157677.62984234034,145464.2089743315,131765.1057926555,138801.84306686802,133669.71613473573,128940.86708995547,143663.7351918126,142297.323397827
2026-07-29,141039.07041080354,137585.00726980952,157702.54434839182,145006.8742866896,132312.58862808638,138369.5478489638,133027.58493291392,129476.61513046353,143216.29767177626,141613.746269551
2026-07-30,138594.02781705235,139891.72991535248,156339.0285615695,143569.2236945594,135100.54694699054,140340.30160960666,134758.7747906243,132204.81685839928,145256.0820800114,143456.67432549727
2026-07-31,137371.23098721326,140898.92374585712,155120.97875844545,142372.7240796339,134592.72556098487,139982.0489485083,134979.96511880466,131707.88012384583,144885.28062804684,143692.14127625324
2026-08-03,136524.6236233921,142905.7480421016,154774.17452920787,142102.9986404517,135513.6537300146,140641.0301589422,136159.33524522133,132609.06951021485,145567.3441513693,144947.6327671437
2026-08-04,136393.24518784788,145482.19616167873,155051.34252947365,142342.95489074162,138378.63134461964,142574.3982278978,138289.28373114654,135412.63949614682,147568.4334493594,147215.05701414752
2026-08-05,134681.64701235783,145191.72611640213,151758.89751348333,139990.91520421856,135988.5739135853,139805.60736495873,136471.14789603697,133073.81033226228,144702.65849061988,145279.5709719894
2026-08-06,132444.16612807324,144959.73688239715,149371.8141281783,137967.74086799932,134924.70472776642,137698.13943601673,134696.30701261282,132032.74412997838,142521.3709876272,143390.17427921394
2026-08-07,132184.25247845254,145846.216187903,149539.5123582361,138653.04237515118,132816.5273298408,136575.222292492,134565.58807540726,129969.75339321325,141359.12066050127,143251.01801036138
2026-08-10,131692.6223581725,145802.83908221964,149349.90270551306,138560.45514953128,134022.60358736198,136901.43406774633,134817.7471278082,131149.97872147567,141696.75880756087,143519.45249557862
2026-08-11,131254.90859066168,145336.96113904042,148302.2178488454,137752.0004462567,134752.33226809715,137354.67313216298,134401.85743486515,131864.0666768946,142165.87358321215,143076.71932691248
2026-08-12,131560.71347596007,145700.9811652647,148689.65208343221,138660.2984932742,135393.05810053158,138333.33981451762,135696.76126063548,132491.05922624868,143178.82067315478,144455.20183702905
2026-08-13,133703.9322331942,146717.60329979128,150356.91070946073,140227.240268857,135742.33912709318,138285.53640192567,135026.24606990468,132832.85373683754,143129.3429085565,143741.40886099674
2026-08-14,135202.62002570095,146427.14476648543,150882.26122150617,140665.96127576494,137361.88539089717,139788.00945864164,136203.09590077362,134417.6867636109,144684.44396424002,144994.21755272182
2026-08-17,134118.1992080846,145734.9299669261,149696.17170504315,139829.88058154462,137695.66508200637,140156.3727992105,136052.42982377947,134744.31218995154,145065.71024734597,144833.82689112835
2026-08-18,136007.77940725966,144750.38018283312,151215.21392336057,140849.14610642433,136880.14728751258,139250.85956280012,135068.39590864466,133946.27412309533,144128.47900501953,143786.27921906076
2026-08-19,136828.7039657492,145178.52188598315,152248.61844732708,142123.63994875783,136052.95954062167,139710.3181127572,134905.35328079294,133567.74288855193,143826.17230854303,143238.84829866845
2026-08-20,133904.3328816343,143835.60445329075,149444.2164581269,139794.8796234094,133145.16807909124,137136.87043898107,132694.86791109282,130554.18618103428,142978.71037609215,142080.8466534304
