cagr,sharpe,max_drawdown_pct,volatility_annual,total_return,n_sessions,top_n,hold_days,side,costs_charged,n_rebalances,turnover_annual,total_cost_paid,cost_drag_pct_of_avg_equity,n_liquidated_missing,n_suspicious_moves,start_date,end_date,model_version,score_column,strategy,benchmark,benchmark_cagr,benchmark_total_return,benchmark_sharpe,benchmark_max_drawdown_pct,excess_total_return_vs_benchmark,survivorship_biased,survivorship_bias_direction,generated_at
0.20543434457424192,1.2789267097963657,-14.019840988260201,0.1558757719136675,0.5113081683715213,557,10,20,long,True,18.0,17.739227006862805,647.0988412302046,0.517064200279518,0.0,2.0,2024-06-24,2026-09-11,v0.5_expanded_universe,score_120d,long_only,SPY,0.17993328354862803,0.4415435941063315,1.0869545252850774,-18.7552344894273,0.06976457426518978,True,inflates returns (dead/demoted names absent),2026-09-14T21:58:08.780199+00:00
0.20791565510330412,1.2925145468698005,-13.898019438631092,0.1558259727796977,0.518192883502284,557,10,20,long,False,18.0,17.749009077988916,0.0,0.0,0.0,2.0,2024-06-24,2026-09-11,v0.5_expanded_universe,score_120d,long_only,SPY,0.17993328354862803,0.4415435941063315,1.0869545252850774,-18.7552344894273,0.0766492893959525,True,inflates returns (dead/demoted names absent),2026-09-14T21:58:09.334674+00:00
-0.05055411936929499,-0.36724579024230863,-21.670345044724126,0.12142454393130306,-0.10833437998204676,557,10,20,long_short,True,,,,,,,,,v0.5_expanded_universe,score_120d,long_short,,,,,,,True,inflates returns (dead/demoted names absent),2026-09-14T21:58:10.482178+00:00
0.17691300796742548,1.1888539396683202,-11.956089731975572,0.14628290682373968,0.4334003318641442,557,20,20,long,True,18.0,17.63261184008728,622.2088804233754,0.5026823689670172,0.0,8.0,2024-06-24,2026-09-11,v0.5_expanded_universe,score_120d,long_only,SPY,0.17993328354862803,0.4415435941063315,1.0869545252850774,-18.7552344894273,-0.00814326224218731,True,inflates returns (dead/demoted names absent),2026-09-14T21:58:11.121211+00:00
0.17929083250132494,1.2030729216843299,-11.814861061407345,0.1462290034195359,0.4398093033573607,557,20,20,long,False,18.0,17.642266782686914,0.0,0.0,0.0,8.0,2024-06-24,2026-09-11,v0.5_expanded_universe,score_120d,long_only,SPY,0.17993328354862803,0.4415435941063315,1.0869545252850774,-18.7552344894273,-0.0017342907489708015,True,inflates returns (dead/demoted names absent),2026-09-14T21:58:11.660212+00:00
-0.050889865665659006,-0.43177795738056957,-19.820628081119484,0.10772045326289359,-0.10903117453404809,557,20,20,long_short,True,,,,,,,,,v0.5_expanded_universe,score_120d,long_short,,,,,,,True,inflates returns (dead/demoted names absent),2026-09-14T21:58:12.771949+00:00
0.1502342724184449,1.0670910029659468,-12.720517565583888,0.1406891650037248,0.3625643704512509,557,30,20,long,True,18.0,17.418840585953486,599.5076423365374,0.4987120739725018,0.0,11.0,2024-06-24,2026-09-11,v0.5_expanded_universe,score_120d,long_only,SPY,0.17993328354862803,0.4415435941063315,1.0869545252850774,-18.7552344894273,-0.07897922365508059,True,inflates returns (dead/demoted names absent),2026-09-14T21:58:13.326081+00:00
0.1525741026426648,1.0819412812925397,-12.577749747367728,0.1406333088242339,0.36869837510243175,557,30,20,long,False,18.0,17.42875545636685,0.0,0.0,0.0,11.0,2024-06-24,2026-09-11,v0.5_expanded_universe,score_120d,long_only,SPY,0.17993328354862803,0.4415435941063315,1.0869545252850774,-18.7552344894273,-0.07284521900389973,True,inflates returns (dead/demoted names absent),2026-09-14T21:58:13.939340+00:00
-0.03460109842625325,-0.2897390444273176,-17.638092272221918,0.1033255318613565,-0.07488190908108838,557,30,20,long_short,True,,,,,,,,,v0.5_expanded_universe,score_120d,long_short,,,,,,,True,inflates returns (dead/demoted names absent),2026-09-14T21:58:15.162770+00:00
0.17703706372143668,1.2637118024476428,-12.489363438258616,0.13662838293685295,0.4337343133612219,557,10,60,long,True,6.0,5.63717846635518,208.06409885590986,0.17670776414330525,0.0,1.0,2024-06-24,2026-09-11,v0.5_expanded_universe,score_120d,long_only,SPY,0.17993328354862803,0.4415435941063315,1.0869545252850774,-18.7552344894273,-0.007809280745109559,True,inflates returns (dead/demoted names absent),2026-09-14T21:58:15.488005+00:00
0.17787139439995792,1.2688863495809932,-12.464807184567617,0.1366313255841436,0.4359815958753577,557,10,60,long,False,6.0,5.63851498617854,0.0,0.0,0.0,1.0,2024-06-24,2026-09-11,v0.5_expanded_universe,score_120d,long_only,SPY,0.17993328354862803,0.4415435941063315,1.0869545252850774,-18.7552344894273,-0.005561998230973808,True,inflates returns (dead/demoted names absent),2026-09-14T21:58:15.800826+00:00
0.019344962993411485,0.22279918235646656,-21.186932256026083,0.11678401384639901,0.04325974993555293,557,10,60,long_short,True,,,,,,,,,v0.5_expanded_universe,score_120d,long_short,,,,,,,True,inflates returns (dead/demoted names absent),2026-09-14T21:58:16.446125+00:00
0.10840804470515186,0.8336221617831847,-8.543111143785831,0.1345467028766827,0.2554530013306966,557,20,60,long,True,6.0,5.388727807333299,180.626833590686,0.16309698850526064,0.0,2.0,2024-06-24,2026-09-11,v0.5_expanded_universe,score_120d,long_only,SPY,0.17993328354862803,0.4415435941063315,1.0869545252850774,-18.7552344894273,-0.1860905927756349,True,inflates returns (dead/demoted names absent),2026-09-14T21:58:16.745828+00:00
0.10916655949300602,0.8386891265655488,-8.518683236693947,0.13455219545481728,0.2573527638760702,557,20,60,long,False,6.0,5.390058714813741,0.0,0.0,0.0,2.0,2024-06-24,2026-09-11,v0.5_expanded_universe,score_120d,long_only,SPY,0.17993328354862803,0.4415435941063315,1.0869545252850774,-18.7552344894273,-0.18419083023026128,True,inflates returns (dead/demoted names absent),2026-09-14T21:58:17.098190+00:00
-0.019856624127679523,-0.13813956734629787,-18.997817025928466,0.10528809912463998,-0.04336278655960779,557,20,60,long_short,True,,,,,,,,,v0.5_expanded_universe,score_120d,long_short,,,,,,,True,inflates returns (dead/demoted names absent),2026-09-14T21:58:17.750623+00:00
0.1416649997694588,1.0900022687093807,-8.33537392445921,0.12946649399237792,0.34022823944197067,557,30,60,long,True,6.0,5.4682199449427324,188.010553844387,0.16630257684594776,0.0,2.0,2024-06-24,2026-09-11,v0.5_expanded_universe,score_120d,long_only,SPY,0.17993328354862803,0.4415435941063315,1.0869545252850774,-18.7552344894273,-0.10131535466436081,True,inflates returns (dead/demoted names absent),2026-09-14T21:58:18.087212+00:00
0.14245048636586954,1.095290086268653,-8.31079372051844,0.12947144018486814,0.3422672257273598,557,30,60,long,False,6.0,5.469593278508979,0.0,0.0,0.0,2.0,2024-06-24,2026-09-11,v0.5_expanded_universe,score_120d,long_only,SPY,0.17993328354862803,0.4415435941063315,1.0869545252850774,-18.7552344894273,-0.09927636837897169,True,inflates returns (dead/demoted names absent),2026-09-14T21:58:18.389741+00:00
-0.01290214295675507,-0.08168805525437235,-18.668963534357363,0.09912375246937714,-0.028295370975017553,557,30,60,long_short,True,,,,,,,,,v0.5_expanded_universe,score_120d,long_short,,,,,,,True,inflates returns (dead/demoted names absent),2026-09-14T21:58:18.993087+00:00
0.18317381797845123,1.3769814161979559,-11.578526733818029,0.12838355827560632,0.4503088168283864,557,10,120,long,True,3.0,2.5515266372175724,89.41849205052424,0.07569947425268583,0.0,0.0,2024-06-24,2026-09-11,v0.5_expanded_universe,score_120d,long_only,SPY,0.17993328354862803,0.4415435941063315,1.0869545252850774,-18.7552344894273,0.008765222722054933,True,inflates returns (dead/demoted names absent),2026-09-14T21:58:19.226842+00:00
0.18354000904916057,1.3794920856423574,-11.554310466094886,0.128373870191559,0.45130114581307357,557,10,120,long,False,3.0,2.551653170481075,0.0,0.0,0.0,0.0,2024-06-24,2026-09-11,v0.5_expanded_universe,score_120d,long_only,SPY,0.17993328354862803,0.4415435941063315,1.0869545252850774,-18.7552344894273,0.009757551706742085,True,inflates returns (dead/demoted names absent),2026-09-14T21:58:19.446377+00:00
0.09036809909436849,0.8055136880864169,-17.35850170256661,0.11593714989274496,0.21073350357751952,557,10,120,long_short,True,,,,,,,,,v0.5_expanded_universe,score_120d,long_short,,,,,,,True,inflates returns (dead/demoted names absent),2026-09-14T21:58:19.890791+00:00
0.12242541090006531,0.9959740171488856,-7.420440160601693,0.12387464467068804,0.29081491958732797,557,20,120,long,True,3.0,2.4691304020061224,80.68986964583966,0.07231580958817314,0.0,0.0,2024-06-24,2026-09-11,v0.5_expanded_universe,score_120d,long_only,SPY,0.17993328354862803,0.4415435941063315,1.0869545252850774,-18.7552344894273,-0.1507286745190035,True,inflates returns (dead/demoted names absent),2026-09-14T21:58:20.118664+00:00
0.12276638854010602,0.998507049534762,-7.420183362708766,0.12386394360871937,0.291681815341422,557,20,120,long,False,3.0,2.469258003570013,0.0,0.0,0.0,0.0,2024-06-24,2026-09-11,v0.5_expanded_universe,score_120d,long_only,SPY,0.17993328354862803,0.4415435941063315,1.0869545252850774,-18.7552344894273,-0.14986177876490947,True,inflates returns (dead/demoted names absent),2026-09-14T21:58:20.346214+00:00
0.0600696944210235,0.6022515633812398,-16.492252667512208,0.10644045834068583,0.13761971175454324,557,20,120,long_short,True,,,,,,,,,v0.5_expanded_universe,score_120d,long_short,,,,,,,True,inflates returns (dead/demoted names absent),2026-09-14T21:58:20.798209+00:00
0.1419607417443034,1.202439746291497,-6.11665446283145,0.11622741232470635,0.34099573483582857,557,30,120,long,True,3.0,2.463738657203041,84.1909038450269,0.07466974352606191,0.0,0.0,2024-06-24,2026-09-11,v0.5_expanded_universe,score_120d,long_only,SPY,0.17993328354862803,0.4415435941063315,1.0869545252850774,-18.7552344894273,-0.10054785927050292,True,inflates returns (dead/demoted names absent),2026-09-14T21:58:21.033564+00:00
0.14232016102278244,1.2052592304755203,-6.116584153588001,0.11621613587282098,0.3419288064071304,557,30,120,long,False,3.0,2.46387457249446,0.0,0.0,0.0,0.0,2024-06-24,2026-09-11,v0.5_expanded_universe,score_120d,long_only,SPY,0.17993328354862803,0.4415435941063315,1.0869545252850774,-18.7552344894273,-0.09961478769920107,True,inflates returns (dead/demoted names absent),2026-09-14T21:58:21.269395+00:00
0.05240326818012031,0.5948839250088588,-15.250469109562182,0.09333703845901967,0.11951438322215102,557,30,120,long_short,True,,,,,,,,,v0.5_expanded_universe,score_120d,long_short,,,,,,,True,inflates returns (dead/demoted names absent),2026-09-14T21:58:21.723429+00:00
