model_version,event_group,window_days,horizon,n_days,n_event_name_days,mean_excess_spread_pct,median_excess_spread_pct,pct_of_days_positive,hit_rate_pct,overlap_adjusted_t,effective_independent_n,min_detectable_spread_pct,survivorship_biased,generated_at,p_value,family_size,survives_bh_fdr,n_nominally_significant,expected_false_positives_at_alpha
v0.5_expanded_universe,agreement,5,1,555,17053,-0.02263037244984274,-0.01781295252851849,47.74774774774775,49.21552626817789,-1.1260624428963113,555.0,0.0562713402434241,True,2026-09-11T17:58:35.476585+00:00,0.2606266451733721,105,False,3,5.25
v0.5_expanded_universe,agreement,30,1,555,83449,-0.005296798689534841,0.004576268634177852,51.53153153153153,49.397821764889066,-0.49130667507990167,555.0,0.03018692210580198,True,2026-09-11T17:58:35.913664+00:00,0.623404136874836,105,False,3,5.25
v0.5_expanded_universe,agreement,90,1,555,212606,-0.0069337668232329714,-0.0024099898769612636,49.549549549549546,49.48930172210955,-0.9468246867393674,555.0,0.020504901674998854,True,2026-09-11T17:58:36.353507+00:00,0.34414091205808295,105,False,3,5.25
v0.5_expanded_universe,disclosure,5,1,552,63692,-0.007756689974513637,-0.009690684528689496,48.55072463768116,49.43280435215142,-0.6822735415286937,552.0,0.031832880225686984,True,2026-09-11T17:58:36.824121+00:00,0.49535271075191445,105,False,3,5.25
v0.5_expanded_universe,disclosure,30,1,552,272147,-0.004094042260871589,-0.0010226657329835233,49.81884057971014,49.58317119361972,-0.5424150471265764,552.0,0.02113385015988578,True,2026-09-11T17:58:37.352609+00:00,0.5877519226202779,105,False,3,5.25
v0.5_expanded_universe,disclosure,90,1,552,530086,0.00273426158109664,0.005871053499303605,51.81159420289855,49.67325947705086,0.36930989541379206,552.0,0.020730374469096008,True,2026-09-11T17:58:37.794687+00:00,0.7120386302029142,105,False,3,5.25
v0.5_expanded_universe,earnings,5,1,541,51041,-0.05366055259872379,-0.05236967477019864,44.17744916820702,48.24242136541858,-2.126995282225186,541.0,0.07063934204839464,True,2026-09-11T17:58:38.227968+00:00,0.0338731368386648,105,False,3,5.25
v0.5_expanded_universe,earnings,30,1,533,280664,-0.01979096530867458,-0.019627461048609577,48.405253283302066,48.99852034000323,-1.461242267052664,533.0,0.03792300846598194,True,2026-09-11T17:58:38.665763+00:00,0.1445393353941361,105,False,3,5.25
v0.5_expanded_universe,earnings,90,1,516,728434,-0.03365697743779061,-0.032295843048247064,46.89922480620155,49.615018996056214,-2.0359492541473028,516.0,0.04628776313252619,True,2026-09-11T17:58:39.094823+00:00,0.04226667414223131,105,False,3,5.25
v0.5_expanded_universe,material,5,1,550,123523,-0.004902351037932175,-0.013113052352393028,46.18181818181818,49.461222042684,-0.594107698692276,550.0,0.02310453632636716,True,2026-09-11T17:58:39.561915+00:00,0.5526848077687231,105,False,3,5.25
v0.5_expanded_universe,material,30,1,533,476384,-0.010118058303375886,-0.005539171379524531,49.15572232645403,49.44422460077066,-1.0142812141236048,533.0,0.02793166515849518,True,2026-09-11T17:58:40.023570+00:00,0.3109096470382914,105,False,3,5.25
v0.5_expanded_universe,material,90,1,508,745112,-0.02153308775716679,-0.005022101759687115,49.60629921259843,49.66735664133848,-1.179643941405476,508.0,0.05111088490670489,True,2026-09-11T17:58:40.452019+00:00,0.23869508193158706,105,False,3,5.25
v0.5_expanded_universe,officer_change,5,1,552,29783,0.017480524738431757,0.014952840049049359,51.63043478260869,49.528718864590545,1.2050146909651258,552.0,0.040618151491918573,True,2026-09-11T17:58:40.880630+00:00,0.22871491440914282,105,False,3,5.25
v0.5_expanded_universe,officer_change,30,1,552,147163,-0.008052417958470252,-0.015010475799386474,45.65217391304348,49.28766651920072,-1.0888628652477377,552.0,0.02070671248264755,True,2026-09-11T17:58:41.330219+00:00,0.2766903731439373,105,False,3,5.25
v0.5_expanded_universe,officer_change,90,1,552,357902,-0.005423709941080549,-0.010304005015422994,45.83333333333333,49.48924876572044,-0.7885116412894279,552.0,0.01925956072150276,True,2026-09-11T17:58:41.824679+00:00,0.4307366055272185,105,False,3,5.25
v0.5_expanded_universe,redflag,5,1,48,167,-0.40064443767692537,-0.2977431627263976,43.75,43.68055555555554,-1.767745244105001,48.0,0.6345962062329598,True,2026-09-11T17:58:42.180906+00:00,0.08359488124517953,105,False,3,5.25
v0.5_expanded_universe,redflag,30,1,482,2683,-0.03868371227444482,-0.05440459700196351,46.88796680497925,48.3945037212672,-0.5983257791422435,482.0,0.18102912851878858,True,2026-09-11T17:58:42.600209+00:00,0.5499042088964499,105,False,3,5.25
v0.5_expanded_universe,redflag,90,1,552,8221,-0.03223764077809197,-0.04248915703932253,46.55797101449276,48.57442472933706,-0.9888893062680764,552.0,0.09127957356451344,True,2026-09-11T17:58:43.028056+00:00,0.3231513499264502,105,False,3,5.25
v0.5_expanded_universe,agreement,5,2,554,17032,-0.034563411498214486,0.016086720286047476,51.44404332129964,48.762684951858525,-0.8538224429293265,277.0,0.11334622672012748,True,2026-09-11T17:58:43.552877+00:00,0.3939438075735585,105,False,3,5.25
v0.5_expanded_universe,agreement,30,2,554,83310,-0.009389327884784577,0.012671247935458669,52.707581227436826,49.16408571661325,-0.44649189483047513,277.0,0.058881512479366946,True,2026-09-11T17:58:43.995660+00:00,0.6555920802480671,105,False,3,5.25
v0.5_expanded_universe,agreement,90,2,554,212225,-0.012145067628687917,0.006961718118148939,51.985559566786996,49.39518078916497,-0.8265978906449224,277.0,0.0411399420990466,True,2026-09-11T17:58:44.448648+00:00,0.40917902966034836,105,False,3,5.25
v0.5_expanded_universe,disclosure,5,2,551,63597,0.008578695060168794,0.0010637046741608007,50.27223230490018,49.40891267615633,0.40058581281761324,275.5,0.059963047616489316,True,2026-09-11T17:58:44.877817+00:00,0.6890366908917045,105,False,3,5.25
v0.5_expanded_universe,disclosure,30,2,551,271694,-0.0012071138033725233,0.006928113884021193,50.99818511796733,49.5420599798207,-0.0836869296507858,275.5,0.040387652690175246,True,2026-09-11T17:58:45.317200+00:00,0.9333663459544859,105,False,3,5.25
v0.5_expanded_universe,disclosure,90,2,551,529118,0.007723296426369722,0.009727414540058724,51.724137931034484,49.57582977982691,0.5477305222922172,275.5,0.03948151347004548,True,2026-09-11T17:58:45.743367+00:00,0.584322041228467,105,False,3,5.25
v0.5_expanded_universe,earnings,5,2,540,51027,-0.09647257514550707,-0.0654001436052978,44.62962962962963,48.11687582273023,-2.0417441385490602,270.0,0.13230022572729383,True,2026-09-11T17:58:46.233032+00:00,0.042152375960476,105,False,3,5.25
v0.5_expanded_universe,earnings,30,2,532,280508,-0.032714658996879156,-0.034977700606624355,45.48872180451128,49.03577988117415,-1.2512576405444653,266.0,0.07320718149733166,True,2026-09-11T17:58:46.668501+00:00,0.21194397113582286,105,False,3,5.25
v0.5_expanded_universe,earnings,90,2,515,726962,-0.0638319715108862,-0.027915647151161578,47.37864077669903,49.4965379056211,-1.9082843132200558,257.5,0.09365979639003139,True,2026-09-11T17:58:47.173742+00:00,0.057470845239050265,105,False,3,5.25
v0.5_expanded_universe,material,5,2,549,123382,0.005263087698916341,0.0028929502213765603,50.45537340619308,49.27461762604117,0.3159492390342477,274.5,0.04664244674875877,True,2026-09-11T17:58:47.613279+00:00,0.7522820119596647,105,False,3,5.25
v0.5_expanded_universe,material,30,2,532,475700,-0.012453591941576336,-0.015417856077738675,47.368421052631575,49.32530613663656,-0.6673616814401431,266.0,0.05225061373192026,True,2026-09-11T17:58:48.051169+00:00,0.5051218507735122,105,False,3,5.25
v0.5_expanded_universe,material,90,2,507,743620,-0.03121895381606328,-0.02430958378394015,48.32347140039448,49.55986329580905,-0.8569600743871553,253.5,0.10200366772919915,True,2026-09-11T17:58:48.482824+00:00,0.39227954071196947,105,False,3,5.25
v0.5_expanded_universe,officer_change,5,2,551,29734,0.030846915531353197,0.01611053897671976,52.26860254083484,48.9606927039867,1.0567380086011648,275.5,0.08173394236299047,True,2026-09-11T17:58:48.909520+00:00,0.29156028218632646,105,False,3,5.25
v0.5_expanded_universe,officer_change,30,2,551,146913,-0.014148909988077881,-0.011531920938153556,47.91288566243194,49.182946213348885,-0.954602413317479,275.5,0.04150099288869322,True,2026-09-11T17:58:49.500468+00:00,0.34061868009728014,105,False,3,5.25
v0.5_expanded_universe,officer_change,90,2,551,357311,-0.01116865309817027,-0.007982919249712112,47.91288566243194,49.32390844631761,-0.8115646822433428,275.5,0.03853325478436721,True,2026-09-11T17:58:49.989395+00:00,0.41774462296853976,105,False,3,5.25
v0.5_expanded_universe,redflag,5,2,48,167,-0.7240954427404658,-0.47555320469186735,41.66666666666667,44.895833333333336,-1.5322195346304195,24.0,1.3232224194050242,True,2026-09-11T17:58:50.476879+00:00,0.13910881838105615,105,False,3,5.25
v0.5_expanded_universe,redflag,30,2,480,2676,-0.07108612577384456,-0.006429490692261221,49.791666666666664,48.68220899470899,-0.5607596003077219,240.0,0.3549491654847088,True,2026-09-11T17:58:51.109653+00:00,0.5754867489653446,105,False,3,5.25
v0.5_expanded_universe,redflag,90,2,551,8210,-0.060372650837796915,-0.015338680117981838,49.364791288566245,48.32425901931529,-0.9335522113029096,275.5,0.18107548811855564,True,2026-09-11T17:58:51.648254+00:00,0.35135536396872846,105,False,3,5.25
v0.5_expanded_universe,agreement,5,5,551,16949,-0.06536328510383291,0.002980403535830919,50.09074410163339,48.9126395267722,-0.7286786262645552,110.2,0.25116312142835606,True,2026-09-11T17:58:52.200323+00:00,0.4677581116918751,105,False,3,5.25
v0.5_expanded_universe,agreement,30,5,551,82888,-0.0027387807824272564,0.024875294241378295,51.17967332123412,49.08292577924362,-0.05809673863026218,110.2,0.13199684477300083,True,2026-09-11T17:58:52.710748+00:00,0.9537777504195907,105,False,3,5.25
v0.5_expanded_universe,agreement,90,5,551,211083,-0.011588670160910553,0.01862645491517239,53.17604355716878,49.30732284932853,-0.3288218264069818,110.2,0.0986804215678445,True,2026-09-11T17:58:53.184035+00:00,0.7429201329746765,105,False,3,5.25
v0.5_expanded_universe,disclosure,5,5,548,63324,0.026373434910199927,0.027257961216331873,51.82481751824818,49.200240522533434,0.5190042800473664,109.6,0.14228325389112467,True,2026-09-11T17:58:53.686741+00:00,0.6048137988214584,105,False,3,5.25
v0.5_expanded_universe,disclosure,30,5,548,270187,-0.002066108579434839,0.03553510722530048,54.56204379562044,49.546876463778005,-0.060656650441918626,109.6,0.09537460410803655,True,2026-09-11T17:58:54.126166+00:00,0.9517441412925398,105,False,3,5.25
v0.5_expanded_universe,disclosure,90,5,548,526225,0.014717997365205671,0.004170523008262476,50.36496350364964,49.52982897670283,0.4306691595217995,109.6,0.09568921226756637,True,2026-09-11T17:58:54.558127+00:00,0.6675624840373416,105,False,3,5.25
v0.5_expanded_universe,earnings,5,5,537,50952,-0.11265568430392664,-0.09138832506622903,45.06517690875233,48.22103903281485,-1.0242982544296844,107.4,0.3079531910621336,True,2026-09-11T17:58:55.016543+00:00,0.30801758362229226,105,False,3,5.25
v0.5_expanded_universe,earnings,30,5,529,279113,-0.06095732315645866,-0.04011702935805885,46.880907372400756,48.97403594581681,-0.9295026346014063,105.8,0.18362562781898545,True,2026-09-11T17:58:55.498290+00:00,0.35476472110610424,105,False,3,5.25
v0.5_expanded_universe,earnings,90,5,512,722545,-0.14072813123284428,-0.12018470223597279,45.5078125,49.27794240990774,-1.7592462838784666,102.4,0.22398158294429302,True,2026-09-11T17:58:55.955991+00:00,0.08155200434238055,105,False,3,5.25
v0.5_expanded_universe,material,5,5,546,122931,0.01286108179615876,-0.006663740031601464,49.26739926739927,49.20531042299469,0.3098509698581385,109.2,0.11622048188434506,True,2026-09-11T17:58:56.426850+00:00,0.7572702605736108,105,False,3,5.25
v0.5_expanded_universe,material,30,5,529,473124,-0.020826487276249462,-0.01290084874593176,48.39319470699433,49.170997303709484,-0.47665849863693943,105.8,0.1223395041528781,True,2026-09-11T17:58:56.883763+00:00,0.6345976878094982,105,False,3,5.25
v0.5_expanded_universe,material,90,5,504,739145,-0.02963380985830137,-0.024449274203510764,49.404761904761905,49.39548821613235,-0.33827776240623303,100.8,0.2452856108927453,True,2026-09-11T17:58:57.342435+00:00,0.7358644812149956,105,False,3,5.25
v0.5_expanded_universe,officer_change,5,5,548,29598,0.0454694762194413,-0.004425990841970679,49.63503649635037,49.15258161054926,0.5729709106432258,109.6,0.222200693001169,True,2026-09-11T17:58:57.817032+00:00,0.5678488509407734,105,False,3,5.25
v0.5_expanded_universe,officer_change,30,5,548,146199,-0.028856401371476187,-0.038384792828282735,43.24817518248175,49.10180429180056,-0.7621080752039926,109.6,0.1060189840115606,True,2026-09-11T17:58:58.330328+00:00,0.44764751077839693,105,False,3,5.25
v0.5_expanded_universe,officer_change,90,5,548,355540,-0.028533813061369817,-0.04507059390903677,43.613138686131386,49.23382498842662,-0.7783875014997014,109.6,0.10264126340402979,True,2026-09-11T17:58:58.805078+00:00,0.43803325615815414,105,False,3,5.25
v0.5_expanded_universe,redflag,5,5,48,167,-0.2772067874502715,-0.12384974634425788,50.0,44.93055555555555,-0.25878165347283816,9.6,2.9993587043149037,True,2026-09-11T17:58:59.166476+00:00,0.8018905976536945,105,False,3,5.25
v0.5_expanded_universe,redflag,30,5,477,2664,0.045871177598240546,-0.10149371929067176,48.42767295597484,48.50945060064557,0.17770450942033722,95.4,0.7227689251895508,True,2026-09-11T17:58:59.631398+00:00,0.8593358075460183,105,False,3,5.25
v0.5_expanded_universe,redflag,90,5,548,8180,-0.09455121060459104,-0.08546460659662368,46.8978102189781,47.66141562456193,-0.6030301334515382,109.6,0.43902182495848807,True,2026-09-11T17:59:00.122410+00:00,0.5477459381681136,105,False,3,5.25
v0.5_expanded_universe,agreement,5,10,546,16826,-0.025747224500100925,-0.10986684313974311,47.61904761904761,48.35360907492,-0.12224047591089511,54.6,0.5897574274238989,True,2026-09-11T17:59:00.680268+00:00,0.9031657433524007,105,False,3,5.25
v0.5_expanded_universe,agreement,30,10,546,82164,0.009278141679134624,0.045444496080000965,53.84615384615385,49.138087336098906,0.10779218316925128,54.6,0.24100816903194178,True,2026-09-11T17:59:01.185461+00:00,0.9145630299948333,105,False,3,5.25
v0.5_expanded_universe,agreement,90,10,546,209133,-0.007451363429989136,0.03953291984710428,53.11355311355312,49.305563773788805,-0.10815601650467975,54.6,0.19290482654810825,True,2026-09-11T17:59:01.618298+00:00,0.9142757942425824,105,False,3,5.25
v0.5_expanded_universe,disclosure,5,10,543,62881,0.04054433593085633,0.0755816485226954,54.69613259668509,49.114380800487666,0.379684742322418,54.3,0.2989957929623521,True,2026-09-11T17:59:02.139873+00:00,0.7056881083068776,105,False,3,5.25
v0.5_expanded_universe,disclosure,30,10,543,267224,-0.010355497891505668,0.0358718509615958,52.67034990791897,49.44686617049805,-0.15220178725625694,54.3,0.1905062655236585,True,2026-09-11T17:59:02.630527+00:00,0.8796024674516282,105,False,3,5.25
v0.5_expanded_universe,disclosure,90,10,543,521361,0.02679418810780722,0.05457248080265571,55.06445672191529,49.40386038437005,0.43170355038343944,54.3,0.1737852900102954,True,2026-09-11T17:59:03.088781+00:00,0.6676982016552689,105,False,3,5.25
v0.5_expanded_universe,earnings,5,10,532,50806,-0.17273052804787614,-0.13911017501667772,46.42857142857143,47.64287316868262,-0.8111480574334121,53.2,0.5962480882520712,True,2026-09-11T17:59:03.571535+00:00,0.42096383627892675,105,False,3,5.25
v0.5_expanded_universe,earnings,30,10,524,274922,-0.16394096539678918,-0.06790043847138962,46.75572519083969,48.42395703277871,-1.2698526096533818,52.4,0.36148660058769144,True,2026-09-11T17:59:04.062173+00:00,0.2098560718789516,105,False,3,5.25
v0.5_expanded_universe,earnings,90,10,507,715188,-0.2554592472054615,-0.19099010030538147,42.209072978303745,48.89241570871805,-1.739150162432485,50.7,0.41128472263421356,True,2026-09-11T17:59:04.541070+00:00,0.08819937922715765,105,False,3,5.25
v0.5_expanded_universe,material,5,10,541,122165,0.008865318540561534,-0.012007839800456596,49.53789279112754,48.91564874571361,0.10309413567172,54.1,0.24077889350190765,True,2026-09-11T17:59:05.015475+00:00,0.9182766316141858,105,False,3,5.25
v0.5_expanded_universe,material,30,10,524,467629,-0.07023612723400639,-0.019126867649168308,47.900763358778626,48.95619495750855,-0.7921870529872652,52.4,0.24825090931949287,True,2026-09-11T17:59:05.475013+00:00,0.43189268073101994,105,False,3,5.25
v0.5_expanded_universe,material,90,10,499,731680,0.0113629773240972,0.03674148324217842,50.70140280561122,49.0993241131936,0.0721995476948307,49.9,0.4406722413546384,True,2026-09-11T17:59:05.967465+00:00,0.9427376070104021,105,False,3,5.25
v0.5_expanded_universe,officer_change,5,10,543,29391,-0.008047858141887668,-0.08915321259213745,47.32965009208103,48.868586278487186,-0.04766431428636448,54.3,0.47276464866152207,True,2026-09-11T17:59:06.503556+00:00,0.9621619279367315,105,False,3,5.25
v0.5_expanded_universe,officer_change,30,10,543,144972,-0.05109918665392942,-0.09766610006231033,45.11970534069982,48.80134437909574,-0.6449145392696944,54.3,0.22185532178112247,True,2026-09-11T17:59:07.016385+00:00,0.5217488872356922,105,False,3,5.25
v0.5_expanded_universe,officer_change,90,10,543,352524,-0.0463779806936285,-0.08299123141718873,42.9097605893186,48.940549569782696,-0.6666746930328825,54.3,0.19478517378753232,True,2026-09-11T17:59:07.518294+00:00,0.50785568849982,105,False,3,5.25
v0.5_expanded_universe,redflag,5,10,48,167,0.5359824151569031,0.7122465762007826,62.5,50.069444444444436,0.32755302877926534,4.8,4.581703207057413,True,2026-09-11T17:59:07.917096+00:00,,105,False,3,5.25
v0.5_expanded_universe,redflag,30,10,472,2644,-0.12567756179489487,-0.14090383268002524,47.03389830508475,48.6241424535916,-0.2608549000364076,47.2,1.3490150002035277,True,2026-09-11T17:59:08.372930+00:00,0.7953636703536945,105,False,3,5.25
v0.5_expanded_universe,redflag,90,10,543,8128,-0.23550226191114432,-0.2372309088547618,45.11970534069982,47.74887416246053,-0.7352462972748015,54.3,0.8968509406919842,True,2026-09-11T17:59:08.846984+00:00,0.4654125418212941,105,False,3,5.25
v0.5_expanded_universe,agreement,5,20,536,16506,0.07745904750044459,-0.0687081901895632,48.134328358208954,47.894152637491985,0.16076194402565386,26.8,1.3491086731735156,True,2026-09-11T17:59:09.505663+00:00,0.8735330773131308,105,False,3,5.25
v0.5_expanded_universe,agreement,30,20,536,80717,-0.014445278729067205,-0.07225530408174617,47.38805970149254,48.389901944049114,-0.08635295789191737,26.8,0.4683890561341616,True,2026-09-11T17:59:09.999708+00:00,0.9318525317792502,105,False,3,5.25
v0.5_expanded_universe,agreement,90,20,536,204994,-0.019482371854212418,0.07042711714357662,54.2910447761194,48.49629327734157,-0.1258218987656319,26.8,0.43355442674892464,True,2026-09-11T17:59:10.512333+00:00,0.9008482738332414,105,False,3,5.25
v0.5_expanded_universe,disclosure,5,20,533,61820,-0.045244437053612155,-0.007204939676107524,49.71857410881801,48.17081373719758,-0.21396854001758303,26.6,0.5920703283749266,True,2026-09-11T17:59:11.004477+00:00,0.8322666814995126,105,False,3,5.25
v0.5_expanded_universe,disclosure,30,20,533,260536,-0.04343211925820445,0.06169246672434129,52.908067542213885,48.790482636961066,-0.3135207639788396,26.6,0.3878847843429606,True,2026-09-11T17:59:11.516264+00:00,0.7564253839587205,105,False,3,5.25
v0.5_expanded_universe,disclosure,90,20,533,511515,0.0524714401064732,0.11908617679355371,55.909943714821765,48.832048261830145,0.4113202825231331,26.6,0.35719131426460116,True,2026-09-11T17:59:12.035741+00:00,0.6842608926643012,105,False,3,5.25
v0.5_expanded_universe,earnings,5,20,522,50517,-0.15911880264185047,-0.24522037663156485,44.827586206896555,47.664563462843944,-0.3454389115166941,26.1,1.2897581382508783,True,2026-09-11T17:59:12.566205+00:00,0.732642768883141,105,False,3,5.25
v0.5_expanded_universe,earnings,30,20,514,262495,-0.25713188092891953,-0.2439934646384934,45.719844357976655,48.06797597093636,-0.9469070234554976,25.7,0.7603378671473247,True,2026-09-11T17:59:13.074158+00:00,0.3528586328897484,105,False,3,5.25
v0.5_expanded_universe,earnings,90,20,496,699971,-0.4046456875720159,-0.4241207320315641,40.92741935483871,48.15613621361986,-1.4682132759805833,24.8,0.7716916498013116,True,2026-09-11T17:59:13.545283+00:00,0.15513952906471484,105,False,3,5.25
v0.5_expanded_universe,material,5,20,531,120443,-0.013862220068809028,-0.0013503047399948329,49.90583804143126,48.22389577572799,-0.0746265700747061,26.6,0.5201125571470013,True,2026-09-11T17:59:14.074975+00:00,0.9410919294545111,105,False,3,5.25
v0.5_expanded_universe,material,30,20,514,454110,-0.15983322867767424,-0.03274785615287644,48.83268482490272,48.36369380569839,-0.8928776308825349,25.7,0.5012255037178375,True,2026-09-11T17:59:14.655599+00:00,0.3805397520546354,105,False,3,5.25
v0.5_expanded_universe,material,90,20,488,715952,0.03811309071606317,0.03954571218169733,51.63934426229508,48.37106766345457,0.129736506957193,24.4,0.822564569587097,True,2026-09-11T17:59:15.175292+00:00,0.897883679357839,105,False,3,5.25
v0.5_expanded_universe,officer_change,5,20,533,28890,-0.09814793184827601,-0.15936891195918665,46.15384615384615,47.60870512414502,-0.2802793701597042,26.6,0.9805010230277836,True,2026-09-11T17:59:15.661856+00:00,0.7815156653337665,105,False,3,5.25
v0.5_expanded_universe,officer_change,30,20,533,142339,-0.13784149243923483,-0.13496336656683589,41.83864915572232,47.96593776313301,-0.8603767709242847,26.6,0.4485897247263347,True,2026-09-11T17:59:16.276112+00:00,0.397567771123401,105,False,3,5.25
v0.5_expanded_universe,officer_change,90,20,533,346191,-0.05872037346865116,-0.04958080171353803,47.27954971857411,48.40471411046877,-0.48715297125769214,26.6,0.337505989725865,True,2026-09-11T17:59:16.771510+00:00,0.6302953428322091,105,False,3,5.25
v0.5_expanded_universe,redflag,5,20,48,167,0.9404989393563453,0.25148473606960003,54.166666666666664,49.131944444444436,0.2203041923975048,2.4,11.953458540844334,True,2026-09-11T17:59:17.167031+00:00,,105,False,3,5.25
v0.5_expanded_universe,redflag,30,20,464,2617,-1.0221183512975418,-1.168855808021609,39.008620689655174,45.67639915161467,-0.9761324269125116,23.2,2.9319089344110325,True,2026-09-11T17:59:17.639134+00:00,0.3395164950314705,105,False,3,5.25
v0.5_expanded_universe,redflag,90,20,533,8029,-0.48690768948714025,-0.6458718556850889,41.651031894934334,47.53792794039746,-0.7118462657684774,26.6,1.9152190523781005,True,2026-09-11T17:59:18.123012+00:00,0.4829971509555858,105,False,3,5.25
v0.5_expanded_universe,agreement,5,60,496,15192,-0.22475172726814097,-0.28310439153106276,46.774193548387096,45.68473511588585,-0.16299733972741226,8.3,3.8608288785768483,True,2026-09-11T17:59:18.650842+00:00,0.8749414838292449,105,False,3,5.25
v0.5_expanded_universe,agreement,30,60,496,73983,0.09884688199109447,0.19923442692486798,55.846774193548384,46.90797707194839,0.1677979631995973,8.3,1.649431639678739,True,2026-09-11T17:59:19.059887+00:00,0.8712967301075139,105,False,3,5.25
v0.5_expanded_universe,agreement,90,60,496,187781,0.27552695852739917,0.3839419382636199,61.08870967741935,47.69414781387398,0.5219058118692106,8.3,1.4781891029603043,True,2026-09-11T17:59:19.450654+00:00,0.6171941486341295,105,False,3,5.25
v0.5_expanded_universe,disclosure,5,60,493,56921,0.0902211457108388,-0.10458966648672391,47.66734279918864,47.12860959129091,0.11460637539724633,8.2,2.2042334653262086,True,2026-09-11T17:59:19.851658+00:00,0.9118879108691006,105,False,3,5.25
v0.5_expanded_universe,disclosure,30,60,493,242208,0.1721331459304623,0.15071139682225715,56.5922920892495,47.83164247569659,0.36086839788435526,8.2,1.335591621297215,True,2026-09-11T17:59:20.264448+00:00,0.7285541524534962,105,False,3,5.25
v0.5_expanded_universe,disclosure,90,60,493,470748,0.2924007367773779,0.47811700708056865,63.48884381338742,47.70966557659732,0.5982223388828336,8.2,1.3685915917242453,True,2026-09-11T17:59:20.703015+00:00,0.5680255482440573,105,False,3,5.25
v0.5_expanded_universe,earnings,5,60,482,45270,-0.4501882849415065,-0.5984891380042325,43.15352697095436,45.31438618869378,-0.24079630182112532,8.0,5.234827895208275,True,2026-09-11T17:59:21.119392+00:00,0.8166135428112402,105,False,3,5.25
v0.5_expanded_universe,earnings,30,60,474,248052,-0.6726100683157727,-0.7496790672752696,37.76371308016878,45.224691563907385,-0.8089876669168082,7.9,2.32798133803668,True,2026-09-11T17:59:21.534581+00:00,0.44551659125504295,105,False,3,5.25
v0.5_expanded_universe,earnings,90,60,455,641517,-0.90009729363502,-0.9159568362240195,33.18681318681318,46.67906932739195,-0.9856714546994519,7.6,2.5569092116465217,True,2026-09-11T17:59:21.951514+00:00,0.3590395001163491,105,False,3,5.25
v0.5_expanded_universe,material,5,60,491,110272,-0.08874751113542861,-0.21229608779338213,43.9918533604888,46.75018916468358,-0.13636239914605164,8.2,1.8222987622346716,True,2026-09-11T17:59:22.376126+00:00,0.8952695609625204,105,False,3,5.25
v0.5_expanded_universe,material,30,60,474,421256,-0.12645135990640993,-0.15645634477202036,45.56962025316456,46.61975029975337,-0.2580831779586833,7.9,1.371898046739916,True,2026-09-11T17:59:22.821003+00:00,0.8038709093247884,105,False,3,5.25
v0.5_expanded_universe,material,90,60,448,656449,0.2419220573693731,0.3736108520028889,55.58035714285714,46.77972948376732,0.24999423287871453,7.5,2.7095895486632227,True,2026-09-11T17:59:23.214762+00:00,0.8103072504294857,105,False,3,5.25
v0.5_expanded_universe,officer_change,5,60,493,26846,-0.3419635804129642,-0.33788441849367523,44.01622718052739,46.58079350036364,-0.3134668232346654,8.2,3.0545434291127647,True,2026-09-11T17:59:23.699887+00:00,0.7628125904937053,105,False,3,5.25
v0.5_expanded_universe,officer_change,30,60,493,131790,-0.1611487492644547,-0.30447198215701554,40.36511156186612,46.55818888641963,-0.2876435432251739,8.2,1.5686654839571719,True,2026-09-11T17:59:24.184598+00:00,0.781723233265945,105,False,3,5.25
v0.5_expanded_universe,officer_change,90,60,493,318007,0.07393420188411129,0.056822937783852084,50.709939148073026,47.388087628726105,0.20985679577271255,8.2,0.9864620514825837,True,2026-09-11T17:59:24.649890+00:00,0.8395945583559495,105,False,3,5.25
v0.5_expanded_universe,redflag,5,60,48,167,0.5220517449410905,1.0691811184869648,52.083333333333336,44.30555555555555,0.04233657953018456,0.8,34.526759177436105,True,2026-09-11T17:59:25.014150+00:00,,105,False,3,5.25
v0.5_expanded_universe,redflag,30,60,426,2486,-0.3911037125453131,-2.585867368723601,41.78403755868544,44.2609359862881,-0.11338848116118228,7.1,9.657862808570481,True,2026-09-11T17:59:25.465239+00:00,0.9133624891522731,105,False,3,5.25
v0.5_expanded_universe,redflag,90,60,493,7576,-0.5446462405134498,-1.6450375981526748,41.58215010141988,46.21015384239218,-0.2331550260436214,8.2,6.540753160312926,True,2026-09-11T17:59:25.927833+00:00,0.8221312109853853,105,False,3,5.25
