model_version,predictor,horizon,n_sectors,ic_mean,ic_median,ic_std,pct_days_positive,n_days,overlap_adjusted_t,effective_independent_n,min_detectable_ic,generated_at,p_value,family_size,survives_bh_fdr,n_nominally_significant,expected_false_positives_at_alpha
v0.5_expanded_universe,momentum_20d,5,12,-0.021743705732469785,-0.0034965034965034965,0.378230975724044,48.87640449438202,534,-0.5941034784836882,106.8,0.10247773032116153,2026-09-16T18:07:09.705589+00:00,0.5537111290146615,17,False,0,0.85
v0.5_expanded_universe,momentum_20d,20,12,0.03697602975059623,0.055944055944055944,0.38633791915938953,54.52793834296724,519,0.48755276339330056,25.9,0.21235216180725697,2026-09-16T18:07:09.987864+00:00,0.6301318446847066,17,False,0,0.85
v0.5_expanded_universe,momentum_20d,60,12,0.004721270378890418,0.013986013986013986,0.4224628562862003,50.52192066805845,479,0.03157638967716516,8.0,0.41865321514109155,2026-09-16T18:07:10.228861+00:00,0.9756913363902904,17,False,0,0.85
v0.5_expanded_universe,momentum_20d,120,12,-0.05284214592090487,-0.06293706293706294,0.3698496055649894,43.43675417661098,419,-0.266975663550806,3.5,0.5542003589790758,2026-09-16T18:07:10.430808+00:00,,17,False,0,0.85
v0.5_expanded_universe,momentum_60d,5,12,0.02039458517191311,0.013986013986013986,0.39038799327160284,51.012145748987855,494,0.519274380576814,98.8,0.10997045226441599,2026-09-16T18:07:10.648220+00:00,0.6047425902421466,17,False,0,0.85
v0.5_expanded_universe,momentum_60d,20,12,-0.023116236581789816,-0.055944055944055944,0.3938804105970469,45.3027139874739,479,-0.28721393524349736,23.9,0.22535627449321988,2026-09-16T18:07:10.894591+00:00,0.7765314301346229,17,False,0,0.85
v0.5_expanded_universe,momentum_60d,60,12,-0.08335741707040113,-0.09090909090909093,0.42982496961744143,40.091116173120724,439,-0.5245769972355003,7.3,0.44493138095481854,2026-09-16T18:07:11.086598+00:00,0.6178179183553947,17,False,0,0.85
v0.5_expanded_universe,momentum_60d,120,12,0.014608742181301558,0.06993006993006995,0.37324716858565454,58.839050131926115,379,0.06955771145473785,3.2,0.5880653237745099,2026-09-16T18:07:11.352473+00:00,,17,False,0,0.85
v0.5_expanded_universe,momentum_120d,5,12,-0.008530639867045399,-0.038461538461538464,0.37912110431712104,47.69585253456221,434,-0.2096348634206375,86.8,0.11393997753035806,2026-09-16T18:07:11.567165+00:00,0.8344496360138323,17,False,0,0.85
v0.5_expanded_universe,momentum_120d,20,12,-0.06410117328971744,-0.07692307692307693,0.3499351559018376,41.05011933174224,419,-0.8384369641463434,20.9,0.2140689078444319,2026-09-16T18:07:11.826797+00:00,0.4117435798130742,17,False,0,0.85
v0.5_expanded_universe,momentum_120d,60,12,-0.009368599737992875,-0.013986013986013986,0.2745115460151145,48.02110817941953,379,-0.08577447108872643,6.3,0.3058261850340666,2026-09-16T18:07:12.066201+00:00,0.9347925875256553,17,False,0,0.85
v0.5_expanded_universe,momentum_120d,120,12,0.07156636466981295,0.07692307692307693,0.2155527272582558,64.26332288401254,319,0.5413275788129474,2.7,0.3701747867989531,2026-09-16T18:07:12.229648+00:00,,17,False,0,0.85
v0.5_expanded_universe,momentum_252d,5,12,0.06214315485838665,0.1258741258741259,0.4043143449454534,58.609271523178805,302,1.1945177749759617,60.4,0.1456661736213881,2026-09-16T18:07:12.376759+00:00,0.23702356017147064,17,False,0,0.85
v0.5_expanded_universe,momentum_252d,20,12,0.06303278602930174,0.07692307692307693,0.3210189598134184,61.32404181184668,287,0.7438095850821125,14.3,0.2372808907303354,2026-09-16T18:07:12.537616+00:00,0.4699290735985314,17,False,0,0.85
v0.5_expanded_universe,momentum_252d,60,12,0.010880819585273023,0.055944055944055944,0.26571246887149597,57.89473684210527,247,0.08308498123136426,4.1,0.36668835194083854,2026-09-16T18:07:12.687334+00:00,,17,False,0,0.85
v0.5_expanded_universe,momentum_252d,120,12,-0.05311132717549832,-0.006993006993006993,0.25435540561836206,46.524064171122994,187,-0.2606611832689913,1.6,0.5705173061304303,2026-09-16T18:07:12.809686+00:00,,17,False,0,0.85
v0.5_expanded_universe,breadth_sma200,5,12,0.02479762701210879,0.027996543352780914,0.3497821871869094,51.13636363636363,352,0.5948380809918202,70.4,0.11672648045352596,2026-09-16T18:07:12.970220+00:00,0.5538862477187987,17,False,0,0.85
v0.5_expanded_universe,breadth_sma200,20,12,0.03003617955282559,0.013986013986013986,0.32509487341577753,51.632047477744806,337,0.3792578017688412,16.9,0.22175233404736036,2026-09-16T18:07:13.120498+00:00,0.7095136100844245,17,False,0,0.85
v0.5_expanded_universe,breadth_sma200,60,12,0.0656108456475699,0.03152369107522558,0.32998586616564557,54.54545454545454,297,0.4423671776151053,5.0,0.41528932775622507,2026-09-16T18:07:13.265308+00:00,0.6810903977803112,17,False,0,0.85
v0.5_expanded_universe,breadth_sma200,120,12,0.02185004719294102,-0.013986013986013986,0.25949021166859354,47.67932489451477,237,0.11833547244338885,2.0,0.5170058552772766,2026-09-16T18:07:13.395709+00:00,,17,False,0,0.85
v0.5_expanded_universe,breadth_sma50,5,12,-0.00739938711050943,-0.027996543352780914,0.33811795965446223,47.211155378486055,502,-0.21927764863649535,100.4,0.0944842487971579,2026-09-16T18:07:13.646238+00:00,0.8268834172767923,17,False,0,0.85
v0.5_expanded_universe,breadth_sma50,20,12,0.02719566472865885,0.006993006993006993,0.3714351144713519,50.308008213552355,487,0.36129853693030745,24.4,0.21076160974029431,2026-09-16T18:07:13.894702+00:00,0.7211180080230074,17,False,0,0.85
v0.5_expanded_universe,breadth_sma50,60,12,-0.025569393077514768,-0.013986013986013986,0.3894872602506553,48.09843400447427,447,-0.17918650515593923,7.5,0.3995518555079554,2026-09-16T18:07:14.085654+00:00,0.8632476388440933,17,False,0,0.85
v0.5_expanded_universe,breadth_sma50,120,12,-0.05011331472540619,-0.04895104895104895,0.3383728154589752,45.99483204134367,387,-0.26596379697813083,3.2,0.5275803805834336,2026-09-16T18:07:14.241607+00:00,,17,False,0,0.85
