predictor,horizon,start_date,top_k_excess_vs_spy_pct,bottom_k_excess_vs_spy_pct,top_minus_bottom_pct
momentum_20d,5,2024-07-23,1.1964602309669559,0.47466346188878017,0.7217967690781757
momentum_20d,5,2024-07-30,2.554373627048974,0.016618613823501015,2.5377550132254734
momentum_20d,5,2024-08-06,-2.135542746946821,1.7593748292990725,-3.894917576245893
momentum_20d,5,2024-08-13,-1.6927710484763232,1.2258390385138318,-2.918610086990155
momentum_20d,5,2024-08-20,0.5770039546975747,-0.16624218201610014,0.7432461367136749
momentum_20d,5,2024-08-27,-0.30346986869193016,0.2842328841779854,-0.5877027528699156
momentum_20d,5,2024-09-04,-1.0232361041499236,-0.9661251175907734,-0.057110986559150145
momentum_20d,5,2024-09-11,-0.4372168866698149,1.0963236476471163,-1.5335405343169313
momentum_20d,5,2024-09-18,0.4578457933600122,1.2920388389262016,-0.8341930455661895
momentum_20d,5,2024-09-25,0.7604538593330805,1.1990589628418515,-0.43860510350877113
momentum_20d,5,2024-10-02,-0.6938037257651519,-1.0779174418711603,0.38411371610600853
momentum_20d,5,2024-10-09,-2.2420867298183045,0.5060308013699055,-2.74811753118821
momentum_20d,5,2024-10-16,0.32105536476593566,-0.41881512056155906,0.7398704853274948
momentum_20d,5,2024-10-23,-2.222211829115217,-0.48248409406298115,-1.739727735052236
momentum_20d,5,2024-10-30,0.9768724237170604,-0.47877669659019223,1.4556491203072526
momentum_20d,5,2024-11-06,1.1625367544170282,-0.2325736347625932,1.3951103891796213
momentum_20d,5,2024-11-13,0.44028417818834004,1.0476332284247123,-0.6073490502363722
momentum_20d,5,2024-11-20,-0.8094695971262666,-0.3800226683617347,-0.42944692876453194
momentum_20d,5,2024-11-27,-1.5410322783387977,-1.0386646964942625,-0.5023675818445353
momentum_20d,5,2024-12-05,1.8423033854584732,-2.037421447075427,3.8797248325339
momentum_20d,5,2024-12-12,-0.19276014071606024,-1.7974335184571404,1.6046733777410802
momentum_20d,5,2024-12-19,-0.6568737876323061,0.016527504891620616,-0.6734012925239268
momentum_20d,5,2024-12-27,1.2240413515220836,0.24982868151687265,0.9742126700052108
momentum_20d,5,2025-01-06,-1.6730802168492616,2.5413798990835472,-4.214460115932809
momentum_20d,5,2025-01-14,-0.4904822497824461,-1.6496246197236812,1.159142369941235
momentum_20d,5,2025-01-22,-4.025124389744061,2.5220515096429237,-6.5471758993869855
momentum_20d,5,2025-01-29,0.6949863749921237,1.1114052476956702,-0.4164188727035464
momentum_20d,5,2025-02-05,-0.8230020188066548,-0.370941985141234,-0.45206003366542075
momentum_20d,5,2025-02-12,-0.5501570219749841,1.594609880352967,-2.1447669023279508
momentum_20d,5,2025-02-20,3.42212565252172,-2.1688444923650003,5.59097014488672
momentum_20d,5,2025-02-27,0.9523911810076021,-1.0088294988264948,1.961220679834097
momentum_20d,5,2025-03-06,-0.052364070188363566,0.15068123920145188,-0.20304530938981546
momentum_20d,5,2025-03-13,0.4882589267214336,0.08081386188299641,0.40744506483843723
momentum_20d,5,2025-03-20,-1.3133390375881868,-0.5176100278349842,-0.7957290097532026
momentum_20d,5,2025-03-27,2.041375905992944,-2.201895266304388,4.243271172297332
momentum_20d,5,2025-04-03,-4.064273780448938,1.4897952824410643,-5.554069062890003
momentum_20d,5,2025-04-10,1.3140076971988082,2.078961209588903,-0.7649535123900949
momentum_20d,5,2025-04-17,-4.767727425715806,-0.24335035742040953,-4.524377068295396
momentum_20d,5,2025-04-25,-0.8266386778164492,-2.045514804882535,1.2188761270660857
momentum_20d,5,2025-05-02,1.4123703023615577,-1.0633211476787938,2.4756914500403515
momentum_20d,5,2025-05-09,2.31317596754194,-3.9043137255661367,6.217489693108076
momentum_20d,5,2025-05-16,-0.5344590744678597,0.5728571795422077,-1.1073162540100674
momentum_20d,5,2025-05-23,-0.18293045517931983,-0.548529349008553,0.36559889382923316
momentum_20d,5,2025-06-02,1.105837960595657,-0.36951979079654274,1.4753577513921998
momentum_20d,5,2025-06-09,0.8577989533787042,-0.4470131389663827,1.3048120923450868
momentum_20d,5,2025-06-16,-0.4290274225394852,0.6148327127718733,-1.0438601353113586
momentum_20d,5,2025-06-24,-0.01691850048275434,-0.9692067070584232,0.9522882065756688
momentum_20d,5,2025-07-01,0.4676486210723918,-1.7655354277962425,2.2331840488686345
momentum_20d,5,2025-07-09,-0.2430713181373815,-0.23469994873319688,-0.008371369404184615
momentum_20d,5,2025-07-16,-0.7823261754094349,-0.29637604190229094,-0.485950133507144
momentum_20d,5,2025-07-23,-0.5172868932886228,-1.5744787807319138,1.057191887443291
momentum_20d,5,2025-07-30,-0.7005294176448462,-0.6681747986836035,-0.03235461896124266
momentum_20d,5,2025-08-06,0.1353377318681866,0.4720673104017988,-0.3367295785336122
momentum_20d,5,2025-08-13,0.22850124300517471,2.5495226463983056,-2.321021403393131
momentum_20d,5,2025-08-20,-2.254190591806075,0.12795269249556246,-2.3821432843016375
momentum_20d,5,2025-08-27,0.3821456188103737,-1.384298952185984,1.7664445709963579
momentum_20d,5,2025-09-04,0.2339754593352117,-0.5099874525464194,0.7439629118816311
momentum_20d,5,2025-09-11,-0.2964114456574296,-1.4078455945240784,1.1114341488666488
momentum_20d,5,2025-09-18,-0.15776631521246348,-0.19313163238400266,0.03536531717153919
momentum_20d,5,2025-09-25,0.6062067770248609,1.344362398142359,-0.7381556211174979
momentum_20d,5,2025-10-02,1.6869193755700618,-0.6523074695989266,2.3392268451689886
momentum_20d,5,2025-10-09,1.2842357576692756,2.1264014607281445,-0.8421657030588688
momentum_20d,5,2025-10-16,-1.2321868217372467,0.5767379275934736,-1.8089247493307203
momentum_20d,5,2025-10-23,0.006479989992598985,-2.221472686895709,2.227952676888308
momentum_20d,5,2025-10-30,-0.9917889812841807,0.9962079384595368,-1.9879969197437175
momentum_20d,5,2025-11-06,1.534342730727889,1.6720230257156226,-0.13768029498773365
momentum_20d,5,2025-11-13,0.8416530621924897,1.6957653407111528,-0.8541122785186631
momentum_20d,5,2025-11-20,-1.7729580769800062,2.313215404558422,-4.086173481538428
momentum_20d,5,2025-11-28,-2.101830288645856,1.340538658715107,-3.442368947360963
momentum_20d,5,2025-12-05,0.28447088584840163,0.4819359022941468,-0.19746501644574513
momentum_20d,5,2025-12-12,0.11890218000959092,-1.6333570049158697,1.7522591849254605
momentum_20d,5,2025-12-19,0.023308128588173105,0.6365818363642657,-0.6132737077760926
momentum_20d,5,2025-12-29,3.5001978678454484,0.008382741950111832,3.4918151258953367
momentum_20d,5,2026-01-06,-0.36642550806568197,1.3870502208619704,-1.7534757289276524
momentum_20d,5,2026-01-13,2.9183428271023977,0.2209207688006957,2.6974220583017017
momentum_20d,5,2026-01-21,1.1267350969678271,-1.0368940323400522,2.1636291293078793
momentum_20d,5,2026-01-28,1.704311726899325,2.3232457521407013,-0.6189340252413762
momentum_20d,5,2026-02-04,2.167292556720568,1.6689778908096236,0.4983146659109445
momentum_20d,5,2026-02-11,0.4358868832540108,-0.24625958872572426,0.6821464719797351
momentum_20d,5,2026-02-19,0.09805706719200336,0.07051386135058882,0.02754320584141453
momentum_20d,5,2026-02-26,0.5330198231522032,-0.3491718546778507,0.8821916778300539
momentum_20d,5,2026-03-05,1.6390022996155478,-1.515974652377857,3.1549769519934046
momentum_20d,5,2026-03-12,1.424854250277411,0.3305509954596145,1.0943032548177967
momentum_20d,5,2026-03-19,1.721216692533804,2.521109293771821,-0.799892601238017
momentum_20d,5,2026-03-26,-1.5020711139760854,0.1647562105745311,-1.6668273245506164
momentum_20d,5,2026-04-02,-3.431739154396,0.10672101150841495,-3.538460165904415
momentum_20d,5,2026-04-10,-1.3953650193136768,-2.6352664202794545,1.2399014009657778
momentum_20d,5,2026-04-17,2.7971933520277603,0.9114095420081828,1.8857838100195776
momentum_20d,5,2026-04-24,-0.21858328424119167,0.7143289062223761,-0.9329121904635678
momentum_20d,5,2026-05-01,3.628243547790951,-5.832919221765657,9.461162769556609
momentum_20d,5,2026-05-08,-1.93580611224754,1.7684814465668126,-3.7042875588143525
momentum_20d,5,2026-05-15,0.7546783382070228,1.0006335889903406,-0.24595525078331776
momentum_20d,5,2026-05-22,0.034842469421684605,-2.844023258176849,2.878865727598534
momentum_20d,5,2026-06-01,1.9053637678703088,3.893621977961844,-1.9882582100915351
momentum_20d,5,2026-06-08,-0.92069324741888,0.8316859908329718,-1.752379238251852
momentum_20d,5,2026-06-15,-0.05864063077757701,0.30774765904460677,-0.36638828982218374
momentum_20d,5,2026-06-23,1.1730172676733188,-1.6364190577534798,2.8094363254267987
momentum_20d,5,2026-06-30,-3.113562841141715,1.3414037046727758,-4.45496654581449
momentum_20d,5,2026-07-08,-1.2247033943902217,0.3455516647607829,-1.5702550591510045
momentum_20d,5,2026-07-15,2.512801771300588,0.3983878910180187,2.114413880282569
momentum_20d,5,2026-07-22,3.8904274839424082,-3.752675185163412,7.6431026691058195
momentum_20d,5,2026-07-29,-6.2886055926323055,3.6988591686385166,-9.987464761270823
momentum_20d,5,2026-08-05,-0.5187884512134107,0.9693534351682928,-1.4881418863817035
momentum_20d,5,2026-08-12,3.837482611835963,-0.4256480058507946,4.263130617686758
momentum_20d,5,2026-08-19,-0.4737776130378957,-0.17023930764128448,-0.3035383053966112
momentum_20d,5,2026-08-26,1.1286058078419647,-1.8147530191915433,2.9433588270335083
momentum_20d,5,2026-09-02,-0.8068958921424859,0.6028371881000287,-1.4097330802425145
momentum_20d,20,2024-07-23,0.021587300712044843,-0.257098316179997,0.27868561689204185
momentum_20d,20,2024-08-20,2.1783865534399522,-1.7000860925403833,3.8784726459803354
momentum_20d,20,2024-09-18,-0.962375576935696,0.8847365891390865,-1.8471121660747825
momentum_20d,20,2024-10-16,-3.359904346881293,-5.634135933515897,2.2742315866346043
momentum_20d,20,2024-11-13,2.84782649805619,-3.804082103480925,6.651908601537116
momentum_20d,20,2024-12-12,-1.8238600617808982,3.4643274327020523,-5.28818749448295
momentum_20d,20,2025-01-14,-2.6302200531332325,2.472911120663131,-5.103131173796363
momentum_20d,20,2025-02-12,2.7633453698624355,-0.6116564996407818,3.375001869503217
momentum_20d,20,2025-03-13,-0.8551092342298597,-1.2161352135854306,0.36102597935557085
momentum_20d,20,2025-04-10,-2.210296333686605,2.119945422612342,-4.330241756298947
momentum_20d,20,2025-05-09,3.792366457604398,-5.438193812770567,9.230560270374966
momentum_20d,20,2025-06-09,2.223074074930313,-3.782025668967829,6.005099743898142
momentum_20d,20,2025-07-09,-1.8580765503402967,-2.2683846764774973,0.4103081261372005
momentum_20d,20,2025-08-06,-1.1080153485974353,2.3439493151702058,-3.451964663767641
momentum_20d,20,2025-09-04,-0.3543960576101105,-1.649202897643672,1.2948068400335613
momentum_20d,20,2025-10-02,2.7388513622321238,-4.216430430018273,6.955281792250396
momentum_20d,20,2025-10-30,-1.5969422626958107,1.756416604460916,-3.3533588671567265
momentum_20d,20,2025-11-28,-0.44120923176232213,1.2225138349233036,-1.6637230666856258
momentum_20d,20,2025-12-29,5.361183580621146,-0.8754080091159818,6.236591589737128
momentum_20d,20,2026-01-28,5.875783929967357,1.235050963029253,4.640732966938104
momentum_20d,20,2026-02-26,6.511438010264348,-0.5422340508899004,7.0536720611542485
momentum_20d,20,2026-03-26,-7.333768771908873,3.4938701914720482,-10.827638963380922
momentum_20d,20,2026-04-24,2.9911523650801923,-2.1834801927201704,5.174632557800363
momentum_20d,20,2026-05-22,1.2662749857417368,3.2033297990024634,-1.9370548132607266
momentum_20d,20,2026-06-23,-2.2948245523997586,1.6918590991046905,-3.986683651504449
momentum_20d,20,2026-07-22,4.557086851826661,-2.9081704381119677,7.465257289938629
momentum_20d,60,2024-07-23,2.4040793074795674,-0.30554044062329755,2.709619748102865
momentum_20d,60,2024-10-16,-3.807315110215296,-8.417544550952211,4.610229440736916
momentum_20d,60,2025-01-14,-3.138171907123525,8.2308191727137,-11.368991079837224
momentum_20d,60,2025-04-10,-9.749210430147485,6.946008443612135,-16.69521887375962
momentum_20d,60,2025-07-09,2.0716034370557397,-5.777378617721326,7.848982054777065
momentum_20d,60,2025-10-02,-0.11881069346077651,-0.48875433866479856,0.36994364520402206
momentum_20d,60,2025-12-29,6.456691777192236,6.044886903734085,0.4118048734581513
momentum_20d,60,2026-03-26,-9.43201659739951,11.979775443007538,-21.41179204040705
momentum_20d,120,2024-07-23,2.768009901946507,-2.90236362784511,5.6703735297916165
momentum_20d,120,2025-01-14,-3.8367430480523823,0.3930284142695288,-4.229771462321911
momentum_20d,120,2025-07-09,3.468865621496464,-6.090816790175024,9.559682411671488
momentum_20d,120,2025-12-29,19.839222405250105,-1.6652716095084712,21.504494014758574
momentum_60d,5,2024-09-18,-0.42690384843611834,1.2920388389262016,-1.71894268736232
momentum_60d,5,2024-09-25,0.7433920886982508,0.8658177820939547,-0.12242569339570393
momentum_60d,5,2024-10-02,-2.86614582068823,1.4146620391988294,-4.280807859887059
momentum_60d,5,2024-10-09,2.2261360156112424,-2.581383915592232,4.807519931203474
momentum_60d,5,2024-10-16,-0.16647695686651626,0.647004802272148,-0.8134817591386642
momentum_60d,5,2024-10-23,-1.6753034351961997,-0.5000454259908249,-1.1752580092053748
momentum_60d,5,2024-10-30,1.9377948980935737,-0.1286882876407251,2.066483185734299
momentum_60d,5,2024-11-06,0.7292330365844091,-0.2325736347625932,0.9618066713470023
momentum_60d,5,2024-11-13,-0.3833028371713362,-0.7295733329246934,0.3462704957533572
momentum_60d,5,2024-11-20,0.76995892914055,0.02131919566123649,0.7486397334793135
momentum_60d,5,2024-11-27,0.07442720944553041,-2.448774005851495,2.523201215297026
momentum_60d,5,2024-12-05,1.5108849537571003,-1.3965750958083576,2.907460049565458
momentum_60d,5,2024-12-12,-0.19276014071606024,-2.4137702316092025,2.2210100908931425
momentum_60d,5,2024-12-19,-0.44796200945168935,0.04358739651523595,-0.4915494059669253
momentum_60d,5,2024-12-27,-0.09857698290428225,-0.7228149551845402,0.6242379722802579
momentum_60d,5,2025-01-06,-0.9274483692032135,3.215013355088414,-4.1424617242916275
momentum_60d,5,2025-01-14,0.13878432181921863,-1.7724866701424553,1.911270991961674
momentum_60d,5,2025-01-22,1.1054866789555176,1.4213223826523311,-0.3158357036968134
momentum_60d,5,2025-01-29,-0.1832267851376912,1.6734053890246736,-1.8566321741623648
momentum_60d,5,2025-02-05,-0.5417315504514963,-0.2808989493427819,-0.2608326011087144
momentum_60d,5,2025-02-12,-0.2681239920108306,0.7031906284909646,-0.9713146205017953
momentum_60d,5,2025-02-20,-3.145321586045783,2.562965157261554,-5.708286743307337
momentum_60d,5,2025-02-27,1.1407080344800091,0.5744679329546327,0.5662401015253764
momentum_60d,5,2025-03-06,-0.4220844170330899,1.979767215079779,-2.401851632112869
momentum_60d,5,2025-03-13,1.294336104378154,0.08081386188299641,1.2135222424951575
momentum_60d,5,2025-03-20,-1.3133390375881868,-0.5176100278349842,-0.7957290097532026
momentum_60d,5,2025-03-27,1.079910384985583,-2.201895266304388,3.2818056512899707
momentum_60d,5,2025-04-03,-2.2325942300166712,1.4897952824410643,-3.7223895124577355
momentum_60d,5,2025-04-10,1.9057648464974486,0.5397028305790734,1.3660620159183752
momentum_60d,5,2025-04-17,-4.767727425715806,3.0924387897178924,-7.860166215433699
momentum_60d,5,2025-04-25,-0.822875540717242,-0.023564607913432546,-0.7993109328038095
momentum_60d,5,2025-05-02,0.1117689803507312,1.4371956933890595,-1.3254267130383282
momentum_60d,5,2025-05-09,-3.686883673230993,0.7597269808864364,-4.446610654117429
momentum_60d,5,2025-05-16,1.2104565973978278,-0.7248759980323483,1.935332595430176
momentum_60d,5,2025-05-23,-0.6368038757584478,-0.548529349008553,-0.08827452674989482
momentum_60d,5,2025-06-02,0.5878393803792477,-0.36951979079654274,0.9573591711757904
momentum_60d,5,2025-06-09,0.28868137495990565,1.4434090509399624,-1.1547276759800569
momentum_60d,5,2025-06-16,0.7510505985118747,-1.5786155798584705,2.329666178370345
momentum_60d,5,2025-06-24,-0.14045697201274798,-0.5790553411087733,0.4385983690960253
momentum_60d,5,2025-07-01,1.1098298020531714,-0.7928076942649409,1.9026374963181123
momentum_60d,5,2025-07-09,0.6008975915333743,-0.23469994873319688,0.8355975402665712
momentum_60d,5,2025-07-16,-0.7823261754094349,0.3105100427955051,-1.09283621820494
momentum_60d,5,2025-07-23,0.9566834254765196,-0.6958830807113829,1.6525665061879025
momentum_60d,5,2025-07-30,-1.0955638983668692,-0.742361052612724,-0.3532028457541451
momentum_60d,5,2025-08-06,0.8984752852752095,-0.8556327488851786,1.754108034160388
momentum_60d,5,2025-08-13,-1.5191284696331944,2.5495226463983056,-4.0686511160315
momentum_60d,5,2025-08-20,0.5220973961377033,-0.6969502124001603,1.2190476085378636
momentum_60d,5,2025-08-27,-0.29103671305447476,-0.666507591943355,0.3754708788888802
momentum_60d,5,2025-09-04,1.2965620440040495,-0.15364102528114448,1.4502030692851942
momentum_60d,5,2025-09-11,1.8860842062018508,-1.2975350550770148,3.1836192612788654
momentum_60d,5,2025-09-18,-0.15776631521246348,-1.035777703734294,0.8780113885218304
momentum_60d,5,2025-09-25,0.6062067770248609,1.344362398142359,-0.7381556211174979
momentum_60d,5,2025-10-02,-0.6229778078636266,-0.8898612648943908,0.2668834570307642
momentum_60d,5,2025-10-09,1.2842357576692756,2.1264014607281445,-0.8421657030588688
momentum_60d,5,2025-10-16,-1.5151209456989965,-0.39354518410787226,-1.1215757615911242
momentum_60d,5,2025-10-23,-0.03739845510480529,-3.7923544044901467,3.7549559493853413
momentum_60d,5,2025-10-30,-0.14482866345704543,0.3559207581442273,-0.5007494216012727
momentum_60d,5,2025-11-06,0.5215778159760338,1.6709666600017863,-1.1493888440257525
momentum_60d,5,2025-11-13,-0.5366373945424312,1.2316526629811864,-1.7682900575236176
momentum_60d,5,2025-11-20,0.4174361713240075,0.9742342992154004,-0.5567981278913929
momentum_60d,5,2025-11-28,-1.5982800979415697,-0.9548475542308791,-0.6434325437106906
momentum_60d,5,2025-12-05,-0.8270457585183041,1.5872136733107944,-2.4142594318290986
momentum_60d,5,2025-12-12,0.4519696453655575,-0.3130979668342082,0.7650676121997657
momentum_60d,5,2025-12-19,0.36551398872040064,0.7067731069394734,-0.34125911821907273
momentum_60d,5,2025-12-29,2.705361742831025,-0.4187094301678555,3.124071172998881
momentum_60d,5,2026-01-06,0.6314399562027988,1.4246383389827275,-0.7931983827799287
momentum_60d,5,2026-01-13,3.6818625867401145,1.1991392874579918,2.4827232992821227
momentum_60d,5,2026-01-21,1.1267350969678271,-1.1668082579517014,2.2935433549195285
momentum_60d,5,2026-01-28,1.704311726899325,0.18663855794557688,1.5176731689537484
momentum_60d,5,2026-02-04,2.167292556720568,0.08304324976213437,2.084249306958434
momentum_60d,5,2026-02-11,0.3430842436728384,1.3202734083992342,-0.9771891647263959
momentum_60d,5,2026-02-19,-0.5283750556605571,-0.1278505334971462,-0.4005245221634109
momentum_60d,5,2026-02-26,-0.6876291238574324,0.1923431083804032,-0.8799722322378356
momentum_60d,5,2026-03-05,0.7708381056098241,-1.3995715815737775,2.1704096871836014
momentum_60d,5,2026-03-12,1.2936041145344155,0.2684371222865023,1.0251669922479132
momentum_60d,5,2026-03-19,1.5730319236780181,1.9153202837159489,-0.3422883600379307
momentum_60d,5,2026-03-26,-1.2558230700255968,-0.8968977583801774,-0.3589253116454194
momentum_60d,5,2026-04-02,-3.431739154396,-1.1940960816367272,-2.2376430727592727
momentum_60d,5,2026-04-10,-4.125780652799548,-0.8678647836569464,-3.2579158691426024
momentum_60d,5,2026-04-17,3.636453564778641,-2.688325937954676,6.324779502733318
momentum_60d,5,2026-04-24,0.8158043908662668,-0.40600890132045747,1.2218132921867242
momentum_60d,5,2026-05-01,1.4029007244305038,-3.170910938607415,4.573811663037919
momentum_60d,5,2026-05-08,-1.8037459623329883,-0.4874746379018117,-1.3162713244311766
momentum_60d,5,2026-05-15,0.7546783382070228,1.3429895677072867,-0.5883112295002639
momentum_60d,5,2026-05-22,0.034842469421684605,-2.857204354805461,2.8920468242271458
momentum_60d,5,2026-06-01,1.4200435391101087,4.378942206722044,-2.958898667611935
momentum_60d,5,2026-06-08,2.9355314099841197,0.11986889455422034,2.8156625154298993
momentum_60d,5,2026-06-15,-0.9643242008218311,1.227829546135665,-2.192153746957496
momentum_60d,5,2026-06-23,0.6224447422475448,-2.46813950075081,3.090584242998355
momentum_60d,5,2026-06-30,-5.008122416195407,2.4859294679391146,-7.494051884134523
momentum_60d,5,2026-07-08,-1.9161603422418572,0.05439615347905269,-1.9705564957209099
momentum_60d,5,2026-07-15,-0.11340005219899012,-0.886306342998692,0.7729062907997019
momentum_60d,5,2026-07-22,-0.4962344229329026,2.3951343403537217,-2.891368763286624
momentum_60d,5,2026-07-29,-5.720724138786474,-3.9429846353289464,-1.7777395034575274
momentum_60d,5,2026-08-05,0.388274482178382,-0.6044356010718732,0.9927100832502552
momentum_60d,5,2026-08-12,1.562784027036131,1.9208102042121533,-0.3580261771760223
momentum_60d,5,2026-08-19,-0.8580329472328821,0.054382168068471216,-0.9124151153013533
momentum_60d,5,2026-08-26,1.0890797516220831,-0.3532319029667478,1.442311654588831
momentum_60d,5,2026-09-02,-0.9908105834946576,1.4083630869042665,-2.399173670398924
momentum_60d,20,2024-09-18,1.5812279361143193,0.8847365891390865,0.6964913469752329
momentum_60d,20,2024-10-16,-1.7939955749541214,0.522572397284075,-2.3165679722381967
momentum_60d,20,2024-11-13,0.09948250935076415,-2.521474830690329,2.620957340041093
momentum_60d,20,2024-12-12,-1.8238600617808982,0.033226578848318436,-1.8570866406292166
momentum_60d,20,2025-01-14,0.9859933157196688,0.2431941860422615,0.7427991296774072
momentum_60d,20,2025-02-12,-0.5149967098907544,4.331030600575392,-4.846027310466146
momentum_60d,20,2025-03-13,-1.6540650847329401,-1.2161352135854306,-0.4379298711475096
momentum_60d,20,2025-04-10,-5.3304950827413045,1.9737913858160816,-7.304286468557386
momentum_60d,20,2025-05-09,-5.607240414395917,1.0018631925705992,-6.609103606966515
momentum_60d,20,2025-06-09,2.241826481330489,-1.88683667831047,4.1286631596409595
momentum_60d,20,2025-07-09,-0.36474803630769015,-2.2683846764774973,1.9036366401698073
momentum_60d,20,2025-08-06,-1.617009397247678,-0.9495484993179907,-0.6674608979296873
momentum_60d,20,2025-09-04,3.6533083957295265,-2.346342716760326,5.999651112489852
momentum_60d,20,2025-10-02,-0.469805741731751,-3.8747134092506443,3.404907667518893
momentum_60d,20,2025-10-30,1.1488199377074015,2.620509563706504,-1.4716896259991026
momentum_60d,20,2025-11-28,-1.5324172138854806,1.1722305706214353,-2.704647784506916
momentum_60d,20,2025-12-29,1.9722162639713343,-0.30074871148710136,2.272964975458436
momentum_60d,20,2026-01-28,5.875783929967357,4.8479444004973615,1.0278395294699947
momentum_60d,20,2026-02-26,5.475596411514938,-0.05084093525762704,5.526437346772565
momentum_60d,20,2026-03-26,-10.645755665120815,-0.8087026306723274,-9.837053034448488
momentum_60d,20,2026-04-24,2.25011932367382,-2.6453342116557073,4.895453535329527
momentum_60d,20,2026-05-22,1.2662749857417368,2.336782293560839,-1.070507307819102
momentum_60d,20,2026-06-23,-3.8796880132233813,2.251725016726798,-6.1314130299501794
momentum_60d,20,2026-07-22,0.12846132210168798,0.45217952660157784,-0.32371820449988986
momentum_60d,60,2024-09-18,-3.1461895155704633,-1.3077661499693396,-1.8384233656011237
momentum_60d,60,2024-12-12,-3.4053441786174052,6.050166411363826,-9.45551058998123
momentum_60d,60,2025-03-13,-10.660333363631857,4.878482777499752,-15.538816141131608
momentum_60d,60,2025-06-09,0.18715477811358888,-5.257628994024425,5.444783772138013
momentum_60d,60,2025-09-04,2.3505870206101287,-0.6099583746778214,2.96054539528795
momentum_60d,60,2025-11-28,6.33520594107817,9.111445710068582,-2.7762397689904112
momentum_60d,60,2026-02-26,6.184502411880591,-2.005300973875694,8.189803385756285
momentum_60d,60,2026-05-22,-1.9016392544365417,5.600429459802592,-7.502068714239134
momentum_60d,120,2024-09-18,2.5812744960003813,-0.21861731472289092,2.799891810723272
momentum_60d,120,2025-03-13,-15.104012041699066,7.53328213148603,-22.637294173185097
momentum_60d,120,2025-09-04,8.370747741163742,4.476070700183818,3.894677040979925
momentum_60d,120,2026-02-26,5.742855065586316,-2.081955553566428,7.8248106191527445
momentum_120d,5,2024-12-12,-0.5294044444222767,-1.0784133546392516,0.5490089102169748
momentum_120d,5,2024-12-19,-0.44796200945168935,1.2084408209900088,-1.6564028304416982
momentum_120d,5,2024-12-27,-0.43683819918603667,2.5349076220639795,-2.971745821250016
momentum_120d,5,2025-01-06,0.1784423502434092,1.5356892763192596,-1.3572469260758502
momentum_120d,5,2025-01-14,-0.11326475535251568,0.2791287363853886,-0.3923934917379043
momentum_120d,5,2025-01-22,-1.6732216869876988,2.2735386377655304,-3.946760324753229
momentum_120d,5,2025-01-29,-0.1832267851376912,1.252857997700866,-1.4360847828385572
momentum_120d,5,2025-02-05,-0.5417315504514963,-0.009853543679028132,-0.5318780067724682
momentum_120d,5,2025-02-12,-0.7496210543944448,-0.15207542262688872,-0.597545631767556
momentum_120d,5,2025-02-20,0.9676523071022439,3.830098946959285,-2.8624466398570414
momentum_120d,5,2025-02-27,-0.3245665595750865,2.6544426796556815,-2.9790092392307677
momentum_120d,5,2025-03-06,-1.390475001455079,1.2284862244699122,-2.6189612259249913
momentum_120d,5,2025-03-13,2.0021336514659467,-0.08257132959449778,2.0847049810604443
momentum_120d,5,2025-03-20,0.7775161028811262,-1.9719026333443208,2.7494187362254467
momentum_120d,5,2025-03-27,-0.5649221320736382,0.10148090774979579,-0.666403039823434
momentum_120d,5,2025-04-03,-0.8022986983518406,0.06998722784100261,-0.8722859261928433
momentum_120d,5,2025-04-10,1.1402258420732538,2.078961209588903,-0.9387353675156492
momentum_120d,5,2025-04-17,-2.5098674396163423,0.1645764557119807,-2.6744438953283227
momentum_120d,5,2025-04-25,-0.3418381898391868,0.26608618497449366,-0.6079243748136804
momentum_120d,5,2025-05-02,0.2840425456890968,1.1298089854089275,-0.8457664397198306
momentum_120d,5,2025-05-09,-2.8507492912214953,-0.5199529055250156,-2.33079638569648
momentum_120d,5,2025-05-16,0.3398912187968691,-0.027095254092017,0.3669864728888861
momentum_120d,5,2025-05-23,-0.042425710174298636,-0.548529349008553,0.5061036388342544
momentum_120d,5,2025-06-02,-0.7896958669461532,-0.4922369291139576,-0.29745893783219557
momentum_120d,5,2025-06-09,0.2078199254530455,1.613889255172955,-1.4060693297199094
momentum_120d,5,2025-06-16,0.9567070857772567,-0.7050815305208642,1.661788616298121
momentum_120d,5,2025-06-24,-0.44270255645607975,-0.4326322939175749,-0.010070262538504869
momentum_120d,5,2025-07-01,-0.9932604444232496,-0.21577098190532773,-0.7774894625179218
momentum_120d,5,2025-07-09,0.3050568940080082,-0.9820930118896065,1.2871499058976146
momentum_120d,5,2025-07-16,-0.5013133463696733,0.2396252346864506,-0.7409385810561239
momentum_120d,5,2025-07-23,1.0236975269972137,-0.7070534681069367,1.7307509951041504
momentum_120d,5,2025-07-30,-0.8940985833766013,-1.7358046082797303,0.841706024903129
momentum_120d,5,2025-08-06,0.46439288590248334,0.4720673104017988,-0.007674424499315435
momentum_120d,5,2025-08-13,-0.7028193881646179,2.5495226463983056,-3.2523420345629237
momentum_120d,5,2025-08-20,0.5409060682700344,0.15590068161134657,0.3850053866586878
momentum_120d,5,2025-08-27,-1.5187169900700161,-0.666507591943355,-0.8522093981266613
momentum_120d,5,2025-09-04,1.137356831529749,-0.7575427630214275,1.8948995945511766
momentum_120d,5,2025-09-11,1.8000487731627175,-1.4582084671007336,3.2582572402634513
momentum_120d,5,2025-09-18,0.31327257850475665,0.005037253770430924,0.30823532473432574
momentum_120d,5,2025-09-25,0.6062067770248609,0.9806571417847687,-0.37445036475990773
momentum_120d,5,2025-10-02,0.23253844174423074,-0.6347164611939664,0.8672549029381971
momentum_120d,5,2025-10-09,0.5808813364855652,1.927174727339424,-1.3462933908538588
momentum_120d,5,2025-10-16,-0.6339085709269703,0.05446058048368396,-0.6883691514106542
momentum_120d,5,2025-10-23,1.2043026932167487,-4.866265858880614,6.070568552097363
momentum_120d,5,2025-10-30,-1.0834984165268624,0.3559207581442273,-1.4394191746710896
momentum_120d,5,2025-11-06,-1.1709572757237163,1.6709666600017863,-2.841923935725503
momentum_120d,5,2025-11-13,-0.5366373945424312,1.2316526629811864,-1.7682900575236176
momentum_120d,5,2025-11-20,1.3402250862464196,-0.7070174968585603,2.04724258310498
momentum_120d,5,2025-11-28,0.21929036836985474,-1.7175651750240828,1.9368555433939376
momentum_120d,5,2025-12-05,-0.8270457585183041,1.5872136733107944,-2.4142594318290986
momentum_120d,5,2025-12-12,0.4519696453655575,-0.5731282248609453,1.0250978702265028
momentum_120d,5,2025-12-19,0.36551398872040064,0.04773025275893368,0.3177837359614669
momentum_120d,5,2025-12-29,2.191506578735651,0.41941763422745176,1.7720889445081989
momentum_120d,5,2026-01-06,-0.08093764008095436,1.4246383389827275,-1.5055759790636818
momentum_120d,5,2026-01-13,1.8849663735734417,1.784665713581357,0.10030065999208464
momentum_120d,5,2026-01-21,-0.18586728142779468,-2.076339035817702,1.8904717543899072
momentum_120d,5,2026-01-28,0.7812302920714147,3.5236776721920235,-2.742447380120609
momentum_120d,5,2026-02-04,3.4211652817873675,0.6511911611585968,2.7699741206287705
momentum_120d,5,2026-02-11,0.3430842436728384,0.589372591860271,-0.24628834818743264
momentum_120d,5,2026-02-19,-0.5675846495611665,0.20921707996037764,-0.7768017295215441
momentum_120d,5,2026-02-26,-0.19815705402869144,0.7016066893375787,-0.8997637433662702
momentum_120d,5,2026-03-05,0.9162428940465706,-1.6539824343733984,2.5702253284199688
momentum_120d,5,2026-03-12,2.6239377316379557,-0.11086984775861009,2.734807579396566
momentum_120d,5,2026-03-19,1.5730319236780181,0.8034988972882647,0.7695330263897534
momentum_120d,5,2026-03-26,-0.9937258671311455,-0.6616276104333279,-0.33209825669781773
momentum_120d,5,2026-04-02,-0.09169330747771376,0.17904182751749725,-0.270735134995211
momentum_120d,5,2026-04-10,-3.609238397264732,0.3014877194291795,-3.910726116693912
momentum_120d,5,2026-04-17,3.6477061293428794,-2.688325937954676,6.3360320672975545
momentum_120d,5,2026-04-24,0.07720817673689817,-0.04872642941016932,0.12593460614706747
momentum_120d,5,2026-05-01,-0.2747210267014114,-2.733724123661134,2.459003096959722
momentum_120d,5,2026-05-08,0.5944149337540727,-0.5607723388501202,1.155187272604193
momentum_120d,5,2026-05-15,0.7546783382070228,1.897559227932059,-1.1428808897250362
momentum_120d,5,2026-05-22,0.034842469421684605,-2.4699369125990174,2.504779382020702
momentum_120d,5,2026-06-01,1.4200435391101087,3.1918073259561974,-1.7717637868460887
momentum_120d,5,2026-06-08,0.3270506981474538,0.15681436900419526,0.1702363291432585
momentum_120d,5,2026-06-15,-0.46856155847681363,0.21405893142398824,-0.6826204899008019
momentum_120d,5,2026-06-23,0.2516474145927039,-0.977163591516883,1.228811006109587
momentum_120d,5,2026-06-30,-2.579739466487245,1.1912917302426682,-3.7710311967299126
momentum_120d,5,2026-07-08,-0.5530113404254355,1.3869655826564151,-1.9399769230818507
momentum_120d,5,2026-07-15,1.7800877744360344,-0.8574616798304328,2.637549454266467
momentum_120d,5,2026-07-22,-1.9008619529434705,2.3951343403537217,-4.2959962932971925
momentum_120d,5,2026-07-29,-2.512724910248983,-2.4353824487842584,-0.07734246146472445
momentum_120d,5,2026-08-05,0.7859495767149135,-0.6667923223520649,1.4527418990669783
momentum_120d,5,2026-08-12,-0.0006722902207341914,1.9208102042121533,-1.9214824944328874
momentum_120d,5,2026-08-19,-0.5899139430690907,-0.15718417696759895,-0.4327297661014917
momentum_120d,5,2026-08-26,-0.6402777184636481,-1.2340513919232965,0.5937736734596484
momentum_120d,5,2026-09-02,1.0688389223438066,-0.3829330935628391,1.4517720159066458
momentum_120d,20,2024-12-12,1.3855462718275016,4.543595383422749,-3.158049111595248
momentum_120d,20,2025-01-14,1.6020916136071521,-0.9057530313679951,2.5078446449751475
momentum_120d,20,2025-02-12,-1.3711091969942912,6.238183691551006,-7.609292888545297
momentum_120d,20,2025-03-13,-1.4646316554571013,-1.51864858831365,0.05401693285654874
momentum_120d,20,2025-04-10,-1.5957390474663196,2.119945422612342,-3.7156844700786618
momentum_120d,20,2025-05-09,-5.045374260580174,-0.4243971396492204,-4.620977120930954
momentum_120d,20,2025-06-09,1.3410033782523443,-0.9385163226207934,2.279519700873138
momentum_120d,20,2025-07-09,-0.8195136251171039,-3.2001682109916607,2.3806545858745567
momentum_120d,20,2025-08-06,-2.817572322488182,2.3439493151702058,-5.161521637658388
momentum_120d,20,2025-09-04,4.650245474454881,-2.6784858486264995,7.328731323081381
momentum_120d,20,2025-10-02,1.4350964291222104,-2.7621150323569377,4.197211461479148
momentum_120d,20,2025-10-30,-1.6230405961695376,2.620509563706504,-4.243550159876042
momentum_120d,20,2025-11-28,0.16752289820642546,-0.6691747536454,0.8366976518518254
momentum_120d,20,2025-12-29,4.039218759805289,3.8683497405600584,0.1708690192452303
momentum_120d,20,2026-01-28,4.512222480208794,8.758477949287546,-4.246255469078752
momentum_120d,20,2026-02-26,4.972128472550552,-0.31065534313405496,5.282783815684607
momentum_120d,20,2026-03-26,-0.2775562520589673,-3.980629119473922,3.7030728674149547
momentum_120d,20,2026-04-24,0.6484669183712526,-2.8060274250411243,3.4544943434123767
momentum_120d,20,2026-05-22,1.2662749857417368,1.104725839162605,0.16154914657913189
momentum_120d,20,2026-06-23,-1.254758593536128,0.1331344477418117,-1.3878930412779398
momentum_120d,20,2026-07-22,-1.8622573226431016,0.45217952660157784,-2.314436849244679
momentum_120d,60,2024-12-12,5.285472683771623,5.485638655256464,-0.20016597148484125
momentum_120d,60,2025-03-13,-4.443781590530512,-8.458694116332833,4.01491252580232
momentum_120d,60,2025-06-09,-1.1457277616975237,-1.703426305219528,0.5576985435220043
momentum_120d,60,2025-09-04,4.442693897960007,0.009480599653669913,4.433213298306338
momentum_120d,60,2025-11-28,4.206747930021112,11.46485008825499,-7.2581021582338785
momentum_120d,60,2026-02-26,6.909284709073922,-8.234832355182627,15.144117064256548
momentum_120d,60,2026-05-22,-1.9016392544365417,5.692486197095618,-7.594125451532159
momentum_120d,120,2024-12-12,5.200516957779985,-0.96412182314178,6.164638780921765
momentum_120d,120,2025-06-09,4.68236536597347,-1.3942605572299316,6.076625923203402
momentum_120d,120,2025-11-28,15.652830559334904,0.511322864457912,15.141507694876994
momentum_252d,5,2025-06-26,-0.08949684346100847,-0.613984832216367,0.5244879887553585
momentum_252d,5,2025-07-03,-0.8227380578677149,1.0578352982124137,-1.8805733560801285
momentum_252d,5,2025-07-11,0.41303792020387736,-2.319565519368398,2.732603439572275
momentum_252d,5,2025-07-18,-0.19059650241564086,0.8926212326231253,-1.0832177350387662
momentum_252d,5,2025-07-25,-0.4520774272862608,-1.509359753322681,1.0572823260364201
momentum_252d,5,2025-08-01,-0.7401193185981869,-2.3637420831876477,1.6236227645894608
momentum_252d,5,2025-08-08,0.6125094796664603,1.4480113599399047,-0.8355018802734444
momentum_252d,5,2025-08-15,0.02279467909728957,2.008747945304701,-1.9859532662074113
momentum_252d,5,2025-08-22,0.13112431205853925,0.7488529908464898,-0.6177286787879506
momentum_252d,5,2025-08-29,0.5127419780481997,-0.8938014689301369,1.4065434469783367
momentum_252d,5,2025-09-08,1.2098721113157276,-2.25009608168482,3.4599681930005475
momentum_252d,5,2025-09-15,0.4356225153411571,-1.723692865430541,2.159315380771698
momentum_252d,5,2025-09-22,0.32406222986361977,0.5918917969532294,-0.26782956708960953
momentum_252d,5,2025-09-29,0.8720445254186396,0.7682207294046339,0.10382379601400568
momentum_252d,5,2025-10-06,-0.1528772422324594,0.3621814940076443,-0.5150587362401038
momentum_252d,5,2025-10-13,0.7175303037117036,-0.11760360541262689,0.8351339091243304
momentum_252d,5,2025-10-20,0.3104867293142707,-1.4938060455724989,1.8042927748867694
momentum_252d,5,2025-10-27,0.04377585479622044,-3.084445580240791,3.1282214350370117
momentum_252d,5,2025-11-03,-0.9452115616079207,1.526460238277775,-2.4716717998856956
momentum_252d,5,2025-11-10,-1.068224859803161,2.0047711169263365,-3.072995976729498
momentum_252d,5,2025-11-17,-0.6450308456447895,0.2870181564845975,-0.932049002129387
momentum_252d,5,2025-11-24,1.6646362075156313,-0.814327757251454,2.478963964767085
momentum_252d,5,2025-12-02,1.1649904290836974,-1.5498329547750802,2.7148233838587776
momentum_252d,5,2025-12-09,-1.565428766783498,2.439834446539553,-4.005263213323051
momentum_252d,5,2025-12-16,0.4595077262558404,-1.2507356044080375,1.710243330663878
momentum_252d,5,2025-12-23,0.27561590811540826,0.3390446028580999,-0.06342869474269168
momentum_252d,5,2025-12-31,0.8980020711724657,0.26725819798544637,0.6307438731870193
momentum_252d,5,2026-01-08,1.944289456396912,2.253052256930632,-0.3087628005337201
momentum_252d,5,2026-01-15,0.48099463332570797,1.3998493320807457,-0.9188546987550377
momentum_252d,5,2026-01-23,1.0200560456033716,-0.5502986251550841,1.570354670758456
momentum_252d,5,2026-01-30,0.9500090156860597,0.28232364914580665,0.667685366540253
momentum_252d,5,2026-02-06,2.6672416078713583,0.3683188021617748,2.2989228057095836
momentum_252d,5,2026-02-13,0.9449370081964744,-0.9447554695599621,1.8896924777564366
momentum_252d,5,2026-02-23,0.8096597301893013,0.15141255112178786,0.6582471790675134
momentum_252d,5,2026-03-02,-1.7082530073199858,-1.0599632234612688,-0.6482897838587169
momentum_252d,5,2026-03-09,1.307788687733221,-0.33237878538074916,1.6401674731139702
momentum_252d,5,2026-03-16,2.2641472156044062,-0.6429523522378873,2.9070995678422933
momentum_252d,5,2026-03-23,1.1023426889486578,2.401131585758302,-1.2987888968096442
momentum_252d,5,2026-03-30,-1.590167469432439,-1.375074490069439,-0.21509297936300015
momentum_252d,5,2026-04-07,-1.4952859832063257,-3.3793619453056145,1.8840759620992888
momentum_252d,5,2026-04-14,-0.8665564266281511,-1.5508643045528423,0.684307877924691
momentum_252d,5,2026-04-21,2.605483233484507,-0.9519508299516607,3.5574340634361676
momentum_252d,5,2026-04-28,2.6635507418005284,-1.1329882855466766,3.796539027347205
momentum_252d,5,2026-05-05,0.6674143064474818,-1.7205518792004049,2.387966185647887
momentum_252d,5,2026-05-12,1.460739640123939,0.4654366714455109,0.995302968678428
momentum_252d,5,2026-05-19,-0.13379609834059575,-0.7666874185122057,0.6328913201716099
momentum_252d,5,2026-05-27,3.5501703609890654,-2.650470553371083,6.200640914360149
momentum_252d,5,2026-06-03,-2.2047839572332655,7.195761960274834,-9.400545917508099
momentum_252d,5,2026-06-10,0.29339590529885806,-1.0975846168013725,1.3909805221002305
momentum_252d,5,2026-06-17,0.9709190039295786,0.7241720610287383,0.24674694290084034
momentum_252d,5,2026-06-25,-4.473018101590698,2.3039137038341524,-6.776931805424851
momentum_252d,5,2026-07-02,1.4580343028202325,-1.0323404977579296,2.490374800578162
momentum_252d,5,2026-07-10,-1.2417866229384864,1.1611131997726822,-2.4028998227111686
momentum_252d,5,2026-07-17,1.4546922262755446,-2.8797835499051088,4.334475776180653
momentum_252d,5,2026-07-24,-2.1792990098289238,1.9118284678376913,-4.091127477666615
momentum_252d,5,2026-07-31,-1.4163452750555785,-2.0579675268651676,0.641622251809589
momentum_252d,5,2026-08-07,2.7911083322039136,1.0259459655625802,1.7651623666413336
momentum_252d,5,2026-08-14,2.18956569239324,-0.29873031616075574,2.488296008553996
momentum_252d,5,2026-08-21,-2.0721652336875103,-0.25825168169704893,-1.8139135519904612
momentum_252d,5,2026-08-28,1.5188634274326893,-0.7734585423694023,2.2923219698020914
momentum_252d,5,2026-09-04,-0.7656787500686695,0.5408096481922198,-1.3064883982608892
momentum_252d,20,2025-06-26,0.5274739172417202,-1.8000032685797491,2.3274771858214693
momentum_252d,20,2025-07-25,-0.46254212434228376,-0.54645325054458,0.08391112620229624
momentum_252d,20,2025-08-22,0.1292761163749656,-4.237903628906262,4.367179745281228
momentum_252d,20,2025-09-22,1.782178707424024,2.696767739965411,-0.914589032541387
momentum_252d,20,2025-10-20,-1.7061887120876456,-0.28734580676373167,-1.418842905323914
momentum_252d,20,2025-11-17,-1.6912978052857703,0.77526547372474,-2.46656327901051
momentum_252d,20,2025-12-16,2.629912308204148,3.8263189428717093,-1.196406634667561
momentum_252d,20,2026-01-15,3.08869870643604,10.562513916315341,-7.473815209879302
momentum_252d,20,2026-02-13,1.3626794003026577,-1.4977302697443942,2.860409670047052
momentum_252d,20,2026-03-16,1.4791295050730957,-1.679951440579423,3.159080945652519
momentum_252d,20,2026-04-14,2.9186882587451652,-5.876531564507259,8.795219823252424
momentum_252d,20,2026-05-12,2.056030183127762,2.868335235269644,-0.8123050521418818
momentum_252d,20,2026-06-10,-2.014335021568174,-1.1284866818405868,-0.885848339727587
momentum_252d,20,2026-07-10,-2.620211192140702,-1.4006005366497543,-1.2196106554909474
momentum_252d,20,2026-08-07,4.463245732151622,0.014157407726341406,4.44908832442528
momentum_252d,60,2025-06-26,-3.9570079904630426,-2.0875647237820134,-1.8694432666810294
momentum_252d,60,2025-09-22,1.2622021730999098,2.1192323732886487,-0.857030200188739
momentum_252d,60,2025-12-16,4.40252333653954,16.988806300654073,-12.586282964114531
momentum_252d,60,2026-03-16,7.489505261574754,-3.895402535249426,11.38490779682418
momentum_252d,60,2026-06-10,-1.8299964198290348,-2.2091807707102467,0.37918435088121205
momentum_252d,120,2025-06-26,-4.446774862052502,3.852130156835091,-8.298905018887591
momentum_252d,120,2025-12-16,16.594482764566546,11.598395303896673,4.996087460669872
breadth_sma200,5,2025-04-14,2.0389139247316335,-0.3877367883952284,2.4266507131268615
breadth_sma200,5,2025-04-22,-3.1676916227623884,1.2407357507504844,-4.408427373512873
breadth_sma200,5,2025-04-29,0.5253385422565666,-0.7666907317484539,1.2920292740050205
breadth_sma200,5,2025-05-06,-2.1441701193920526,1.1788479000765926,-3.323018019468645
breadth_sma200,5,2025-05-13,-0.06604375649033045,1.1247255984225601,-1.1907693549128906
breadth_sma200,5,2025-05-20,-0.06985560051057474,-1.138523479127318,1.0686678786167434
breadth_sma200,5,2025-05-28,-0.9348126922543795,-0.10320411704317263,-0.8316085752112068
breadth_sma200,5,2025-06-04,-0.0703007403503301,1.6528698855626727,-1.7231706259130029
breadth_sma200,5,2025-06-11,0.27580723883538305,0.5237935631484596,-0.2479863243130765
breadth_sma200,5,2025-06-18,-0.07132945637116825,-2.2441870022430184,2.17285754587185
breadth_sma200,5,2025-06-26,-0.6500496808732992,-0.7106960988186934,0.06064641794539431
breadth_sma200,5,2025-07-03,0.35202302248909334,0.8196955304256496,-0.46767250793655624
breadth_sma200,5,2025-07-11,0.27413786962503883,-1.2114987608079164,1.4856366304329551
breadth_sma200,5,2025-07-18,-1.0853818590897477,0.855119485502979,-1.9405013445927266
breadth_sma200,5,2025-07-25,1.3251869324865848,-0.018515562094645333,1.3437024945812301
breadth_sma200,5,2025-08-01,-0.6784947806836545,-1.8112538782903864,1.1327590976067319
breadth_sma200,5,2025-08-08,0.7767941865609733,-0.03671388032450522,0.8135080668854785
breadth_sma200,5,2025-08-15,0.23714114078197865,2.325128012048731,-2.0879868712667524
breadth_sma200,5,2025-08-22,-1.2008180587168384,-0.8449098086032003,-0.35590825011363825
breadth_sma200,5,2025-08-29,0.07296516137630382,-0.8938014689301369,0.9667666303064407
breadth_sma200,5,2025-09-08,1.2098721113157276,-1.5916522551026564,2.801524366418384
breadth_sma200,5,2025-09-15,0.4660118894921683,-1.723692865430541,2.1897047549227096
breadth_sma200,5,2025-09-22,1.332766731257943,1.3598739241417377,-0.027107192883794526
breadth_sma200,5,2025-09-29,1.8642195086394568,0.7682207294046339,1.095998779234823
breadth_sma200,5,2025-10-06,0.5002984731594255,0.26398507140000804,0.23631340175941745
breadth_sma200,5,2025-10-13,0.07043611822132126,1.0096401406893531,-0.939204022468032
breadth_sma200,5,2025-10-20,-0.14186007051442867,-1.7124480566867588,1.5705879861723302
breadth_sma200,5,2025-10-27,0.09410762357133043,-2.7000601345239557,2.794167758095286
breadth_sma200,5,2025-11-03,-0.6635501589308219,1.526460238277775,-2.190010397208597
breadth_sma200,5,2025-11-10,0.5555346776205172,1.5558256287492855,-1.0002909511287683
breadth_sma200,5,2025-11-17,-1.1595586326450933,0.2870181564845975,-1.4465767891296908
breadth_sma200,5,2025-11-24,-0.030006627778296952,-0.4106965490050592,0.3806899212267622
breadth_sma200,5,2025-12-02,0.2291777615795576,-1.5498329547750802,1.7790107163546378
breadth_sma200,5,2025-12-09,-1.3955954520621963,2.439834446539553,-3.83542989860175
breadth_sma200,5,2025-12-16,0.004913216966991504,-1.3338590572921563,1.338772274259148
breadth_sma200,5,2025-12-23,0.3602486643474956,1.1857989120792056,-0.82555024773171
breadth_sma200,5,2025-12-31,2.6912398966754196,0.8677449558503433,1.8234949408250767
breadth_sma200,5,2026-01-08,-0.019751128069955826,2.3830884666314445,-2.4028395947014003
breadth_sma200,5,2026-01-15,0.6293405173182369,0.3406297806492634,0.28871073666897346
breadth_sma200,5,2026-01-23,0.6766916981898314,0.5916065603569571,0.0850851378328743
breadth_sma200,5,2026-01-30,2.997511592696167,-1.208565458798272,4.2060770514944394
breadth_sma200,5,2026-02-06,3.6415102375825827,-1.081465580425737,4.72297581800832
breadth_sma200,5,2026-02-13,0.3069483827597197,-0.488954629584859,0.7959030123445787
breadth_sma200,5,2026-02-23,1.2328731646088498,0.88533198381567,0.34754118079317975
breadth_sma200,5,2026-03-02,-1.6457995830804466,0.44552474588258617,-2.091324328963033
breadth_sma200,5,2026-03-09,2.1957228727758364,-0.3569415559200392,2.5526644286958757
breadth_sma200,5,2026-03-16,1.2480107150759312,0.7253022673207044,0.5227084477552268
breadth_sma200,5,2026-03-23,3.267502508277109,-0.07853030316648338,3.3460328114435924
breadth_sma200,5,2026-03-30,-4.353969300815141,-0.7888280645504361,-3.5651412362647052
breadth_sma200,5,2026-04-07,-3.191556609931586,0.8714870969073418,-4.063043706838928
breadth_sma200,5,2026-04-14,-1.589592749153183,0.34473477687493315,-1.934327526028116
breadth_sma200,5,2026-04-21,2.8856020810752003,-0.36701602214663787,3.252618103221838
breadth_sma200,5,2026-04-28,1.5303571948703723,-1.0916260442033012,2.6219832390736735
breadth_sma200,5,2026-05-05,-1.4342397498101143,-1.7363639649422484,0.3021242151321343
breadth_sma200,5,2026-05-12,1.1028746974816297,0.6714942116952449,0.4313804857863849
breadth_sma200,5,2026-05-19,-0.9369761564125056,0.05980871466360801,-0.9967848710761137
breadth_sma200,5,2026-05-27,2.0391798129646603,-3.380507829178118,5.419687642142779
breadth_sma200,5,2026-06-03,1.1918602600910266,3.4674582648998773,-2.2755980048088507
breadth_sma200,5,2026-06-10,-1.8471899817820936,-0.935342908787884,-0.9118470729942096
breadth_sma200,5,2026-06-17,1.9836370454085632,0.3098921028625301,1.6737449425460331
breadth_sma200,5,2026-06-25,-4.362563297951494,0.7747395170314753,-5.137302814982969
breadth_sma200,5,2026-07-02,-0.5118498495205588,-0.10701822965129004,-0.4048316198692688
breadth_sma200,5,2026-07-10,-0.03135006206155995,1.1611131997726822,-1.1924632618342423
breadth_sma200,5,2026-07-17,2.813324736700769,-2.997145547274142,5.810470283974912
breadth_sma200,5,2026-07-24,-3.759465485623655,1.7304856789389793,-5.489951164562634
breadth_sma200,5,2026-07-31,-4.338921470828053,-1.474352505146633,-2.8645689656814204
breadth_sma200,5,2026-08-07,0.4335591876449903,1.0259459655625802,-0.59238677791759
breadth_sma200,5,2026-08-14,0.35592927878331426,0.11997930565977866,0.23594997312353558
breadth_sma200,5,2026-08-21,-0.8414793513792818,-0.25825168169704893,-0.5832276696822328
breadth_sma200,5,2026-08-28,0.6811744335503651,-0.7734585423694023,1.4546329759197674
breadth_sma200,5,2026-09-04,0.12011745519292145,0.5408096481922198,-0.42069219299929833
breadth_sma200,20,2025-04-14,-5.729039830063524,4.539358917611938,-10.268398747675462
breadth_sma200,20,2025-05-13,-0.004818087818658778,-0.33888329672038253,0.33406520890172375
breadth_sma200,20,2025-06-11,0.6920918247032892,-1.1842439785022343,1.8763358032055235
breadth_sma200,20,2025-07-11,0.543290205113774,-2.9823602880791595,3.5256504931929333
breadth_sma200,20,2025-08-08,0.8446523921498436,0.9643009891695531,-0.11964859701970951
breadth_sma200,20,2025-09-08,2.6861817437612663,-3.6735064477789034,6.359688191540169
breadth_sma200,20,2025-10-06,0.5455545119963674,-4.8993760280297005,5.444930540026069
breadth_sma200,20,2025-11-03,-1.3488673144404495,3.0210718032351607,-4.36993911767561
breadth_sma200,20,2025-12-02,-0.874049008975449,0.3432310015906529,-1.217280010566102
breadth_sma200,20,2025-12-31,6.454124016532011,4.801434814088723,1.6526892024432873
breadth_sma200,20,2026-01-30,7.653750265541954,1.4590888444674524,6.194661421074502
breadth_sma200,20,2026-03-02,7.5255615037106605,0.529931086154219,6.995630417556442
breadth_sma200,20,2026-03-30,-13.092843855273662,-0.7011536905015141,-12.391690164772147
breadth_sma200,20,2026-04-28,0.4136100731565895,-2.8602872549467957,3.273897328103385
breadth_sma200,20,2026-05-27,3.0114443350856708,-1.831532924746948,4.842977259832619
breadth_sma200,20,2026-06-25,-0.8642479491029031,-3.0578169654777,2.1935690163747967
breadth_sma200,20,2026-07-24,-3.958423710122072,2.0199075151483266,-5.978331225270399
breadth_sma200,60,2025-04-14,-8.653218194554187,9.57870750809815,-18.231925702652337
breadth_sma200,60,2025-07-11,5.11926700012213,-6.465072939283472,11.5843399394056
breadth_sma200,60,2025-10-06,-1.577246366574984,-1.652206897469714,0.07496053089472987
breadth_sma200,60,2025-12-31,16.706559391064072,12.088911919110751,4.617647471953319
breadth_sma200,60,2026-03-30,-18.354967429762535,-0.87011083813097,-17.484856591631566
breadth_sma200,120,2025-04-14,-11.695110391225505,12.959395018688339,-24.654505409913842
breadth_sma200,120,2025-10-06,4.745434439632746,10.630996692964674,-5.885562253331929
breadth_sma50,5,2024-09-06,-1.2670427170981213,1.2073765088419877,-2.474419225940109
breadth_sma50,5,2024-09-13,-1.507084885626897,0.45132128355810747,-1.9584061691850045
breadth_sma50,5,2024-09-20,-0.5104130923108536,1.011503542007186,-1.5219166343180397
breadth_sma50,5,2024-09-27,-0.9403227616701796,1.1028417304263702,-2.0431644920965497
breadth_sma50,5,2024-10-04,-1.5007917025730197,-0.6566956361194642,-0.8440960664535554
breadth_sma50,5,2024-10-11,-0.7513175707160924,0.22139190692239316,-0.9727094776384856
breadth_sma50,5,2024-10-18,-0.16500308805006786,0.4529674707237345,-0.6179705587738024
breadth_sma50,5,2024-10-25,-0.0752869846773363,-0.1892517884112932,0.1139648037339569
breadth_sma50,5,2024-11-01,0.2582182204300473,-3.1153720114337107,3.373590231863758
breadth_sma50,5,2024-11-08,1.044321746081145,-0.096720869271949,1.141042615353094
breadth_sma50,5,2024-11-15,0.40840222209096816,0.6270742003871159,-0.2186719782961477
breadth_sma50,5,2024-11-22,-1.4385409188537888,0.2920389821473135,-1.7305799010011023
breadth_sma50,5,2024-12-02,-0.5942534312174101,-1.760811091433645,1.1665576602162349
breadth_sma50,5,2024-12-09,2.4700250599831426,-1.3352472670705309,3.8052723270536735
breadth_sma50,5,2024-12-16,-0.7187823636911284,0.43485327784146266,-1.153635641532591
breadth_sma50,5,2024-12-23,-0.48053591681591623,1.8773641955718217,-2.357900112387738
breadth_sma50,5,2024-12-31,-0.36255049591779054,-0.8591588298971923,0.49660833397940174
breadth_sma50,5,2025-01-08,1.474339732644514,1.5916877053366603,-0.11734797269214621
breadth_sma50,5,2025-01-16,-1.9074969085824067,-1.4385235304880042,-0.4689733780944024
breadth_sma50,5,2025-01-24,-0.1988395274524657,0.6942511216238234,-0.8930906490762891
breadth_sma50,5,2025-01-31,0.41848461954798744,1.1231572798896416,-0.7046726603416542
breadth_sma50,5,2025-02-07,-0.1189307966400636,0.6425253786171463,-0.7614561752572099
breadth_sma50,5,2025-02-14,1.0140149933005382,2.6457437019797747,-1.6317287086792365
breadth_sma50,5,2025-02-24,0.15458496346528366,-1.967865933320286,2.1224508967855695
breadth_sma50,5,2025-03-03,2.018913520170962,1.172668402295074,0.8462451178758879
breadth_sma50,5,2025-03-10,-1.4350565051458375,2.9550417546406376,-4.390098259786475
breadth_sma50,5,2025-03-17,-1.2058693821905977,0.6389053355366177,-1.8447747177272156
breadth_sma50,5,2025-03-24,4.01720260272862,-1.9029892523482195,5.9201918550768395
breadth_sma50,5,2025-03-31,0.42240075215934647,-1.1942746161287432,1.6166753682880897
breadth_sma50,5,2025-04-07,-2.1333246385345133,0.8885358944389651,-3.0218605329734785
breadth_sma50,5,2025-04-14,1.9299265283404383,0.5837850463921417,1.3461414819482966
breadth_sma50,5,2025-04-22,-4.414909430485111,0.9375686408621334,-5.352478071347244
breadth_sma50,5,2025-04-29,0.5659340384558398,-2.0432087558298466,2.6091427942856864
breadth_sma50,5,2025-05-06,-1.0608884421686207,1.1788479000765926,-2.2397363422452132
breadth_sma50,5,2025-05-13,-0.14149815248734782,2.1060986513509112,-2.2475968038382588
breadth_sma50,5,2025-05-20,0.07811139328352348,-1.0377389334527551,1.1158503267362785
breadth_sma50,5,2025-05-28,0.8148348476075743,-0.7235704509645169,1.538405298572091
breadth_sma50,5,2025-06-04,0.7568946278932343,0.5335404744543155,0.22335415343891868
breadth_sma50,5,2025-06-11,-0.11685806940217407,-0.5878802508421321,0.47102218143995805
breadth_sma50,5,2025-06-18,-0.35689406093444653,-1.6460366637987816,1.2891426028643351
breadth_sma50,5,2025-06-26,0.01053413270408754,-0.4152834907614163,0.42581762346550384
breadth_sma50,5,2025-07-03,0.1582923962828109,-0.2156020429194716,0.3738944392022825
breadth_sma50,5,2025-07-11,-0.5018909527906772,-0.14265631239123167,-0.35923464039944547
breadth_sma50,5,2025-07-18,-0.7399086564750228,0.35645078769363325,-1.0963594441686562
breadth_sma50,5,2025-07-25,-0.4214979220612795,-0.018515562094645333,-0.4029823599666342
breadth_sma50,5,2025-08-01,-0.6784947806836545,-2.1494571369281164,1.4709623562444616
breadth_sma50,5,2025-08-08,-0.6014697489992209,0.521799083272952,-1.123268832272173
breadth_sma50,5,2025-08-15,0.41292675132134454,2.325128012048731,-1.9122012607273864
breadth_sma50,5,2025-08-22,-0.5591920710284544,-0.7578808207399128,0.19868874971145836
breadth_sma50,5,2025-08-29,-1.704811971061108,-0.3399518467971263,-1.3648601242639817
breadth_sma50,5,2025-09-08,0.3703952502525384,-0.6672316282677466,1.037626878520285
breadth_sma50,5,2025-09-15,-1.1635526198347255,-1.5295992929685718,0.3660466731338463
breadth_sma50,5,2025-09-22,0.32406222986361977,0.3310589279317414,-0.006996698068121665
breadth_sma50,5,2025-09-29,1.6326043608647756,0.7682207294046339,0.8643836314601416
breadth_sma50,5,2025-10-06,0.23152903856205054,0.26398507140000804,-0.032456032837957505
breadth_sma50,5,2025-10-13,0.2531783598294609,1.1577627364271592,-0.9045843765976983
breadth_sma50,5,2025-10-20,-0.4552787455176806,-1.043436245081586,0.5881574995639054
breadth_sma50,5,2025-10-27,-0.4952328471443261,-2.965508387851638,2.470275540707312
breadth_sma50,5,2025-11-03,-0.20118747184703448,0.49991305460489466,-0.7011005264519291
breadth_sma50,5,2025-11-10,0.5555346776205172,1.391928059136934,-0.8363933815164167
breadth_sma50,5,2025-11-17,-0.2617288370187487,0.6034766713140627,-0.8652055083328114
breadth_sma50,5,2025-11-24,-2.2195754136915395,0.8250624151522112,-3.044637828843751
breadth_sma50,5,2025-12-02,0.18176912300673642,-1.1871928306904533,1.3689619536971898
breadth_sma50,5,2025-12-09,-1.4583195010680283,0.9522217847910556,-2.410541285859084
breadth_sma50,5,2025-12-16,-1.3892421656547507,-0.8459887206912117,-0.5432534449635391
breadth_sma50,5,2025-12-23,-0.08849448329450263,1.1468428685443732,-1.2353373518388757
breadth_sma50,5,2025-12-31,1.087037838405184,-0.9992293460596121,2.086267184464796
breadth_sma50,5,2026-01-08,-0.5282495518230086,2.6305303582235,-3.158779910046509
breadth_sma50,5,2026-01-15,1.915007402930824,-0.09666438666700028,2.0116717895978242
breadth_sma50,5,2026-01-23,0.6371469269840373,0.3297636870637962,0.3073832399202411
breadth_sma50,5,2026-01-30,4.915301776070025,-0.6949458255541052,5.610247601624129
breadth_sma50,5,2026-02-06,3.732856520247004,0.5134671137780249,3.2193894064689794
breadth_sma50,5,2026-02-13,0.3069483827597197,-0.488954629584859,0.7959030123445787
breadth_sma50,5,2026-02-23,-0.006876691218367832,0.88533198381567,-0.8922086750340379
breadth_sma50,5,2026-03-02,-1.6457995830804466,0.2934893234174507,-1.9392889064978973
breadth_sma50,5,2026-03-09,2.2789107711479017,-0.40851937624521256,2.6874301473931146
breadth_sma50,5,2026-03-16,0.15332504682037396,0.1254604704662876,0.027864576354086346
breadth_sma50,5,2026-03-23,4.038233769902252,1.4210124398756165,2.617221330026635
breadth_sma50,5,2026-03-30,-3.834405400407296,-0.9660462499755681,-2.868359150431728
breadth_sma50,5,2026-04-07,-3.191556609931586,-0.30976063781127383,-2.881795972120312
breadth_sma50,5,2026-04-14,-1.2732993148134475,-1.1613488200088042,-0.11195049480464317
breadth_sma50,5,2026-04-21,1.2208905406540516,1.4860371795645553,-0.2651466389105036
breadth_sma50,5,2026-04-28,0.4690713475441588,-0.6638744619204218,1.1329458094645806
breadth_sma50,5,2026-05-05,-0.2765755028651914,-1.6519802523064027,1.3754047494412112
breadth_sma50,5,2026-05-12,-1.2127849631021128,-0.6068377005399899,-0.6059472625621231
breadth_sma50,5,2026-05-19,-0.9369761564125056,1.665240391700144,-2.60221654811265
breadth_sma50,5,2026-05-27,1.7076379521654306,-0.8314357615519316,2.5390737137173622
breadth_sma50,5,2026-06-03,-0.8097727673232654,6.129389489261938,-6.939162256585203
breadth_sma50,5,2026-06-10,-0.5042836243599025,-0.7094665054655762,0.20518288110567368
breadth_sma50,5,2026-06-17,2.00161911464853,0.7682122666894609,1.2334068479590694
breadth_sma50,5,2026-06-25,-3.864437630592562,-0.8700650502688386,-2.994372580323723
breadth_sma50,5,2026-07-02,-2.156884997317661,1.4745790751564827,-3.6314640724741443
breadth_sma50,5,2026-07-10,1.7491997817608647,-0.15076852140070524,1.89996830316157
breadth_sma50,5,2026-07-17,1.7489641341484563,-0.9768728783235647,2.725837012472021
breadth_sma50,5,2026-07-24,-2.1593789835660666,-1.5318228962685012,-0.6275560872975652
breadth_sma50,5,2026-07-31,-3.6305065847187143,-0.5399294065882798,-3.0905771781304345
breadth_sma50,5,2026-08-07,-0.19587829694764913,0.6445303647879319,-0.840408661735581
breadth_sma50,5,2026-08-14,3.2859024787384894,-1.4842059139577701,4.77010839269626
breadth_sma50,5,2026-08-21,-1.1616104988795874,-1.3836897131594341,0.22207921427984667
breadth_sma50,5,2026-08-28,0.39796379466705556,0.5893667330565622,-0.19140293838950662
breadth_sma50,5,2026-09-04,0.12011745519292145,-1.8804350096388884,2.00055246483181
breadth_sma50,20,2024-09-06,-4.036358400543864,4.724108209278666,-8.76046660982253
breadth_sma50,20,2024-10-04,-2.0845195651351234,-1.6562324131842703,-0.42828715195085304
breadth_sma50,20,2024-11-01,1.649383929799549,-1.9512464936819907,3.6006304234815394
breadth_sma50,20,2024-12-02,0.14521236673713522,-3.1798276292723506,3.325039996009486
breadth_sma50,20,2024-12-31,1.1152323618346984,0.7357072459910869,0.37952511584361154
breadth_sma50,20,2025-01-31,3.3333294430002955,6.6737938123406115,-3.340464369340316
breadth_sma50,20,2025-03-03,2.281863474594888,2.7371676278751407,-0.45530415328025253
breadth_sma50,20,2025-03-31,-2.9027006413395173,0.21326247943011337,-3.115963120769631
breadth_sma50,20,2025-04-29,-2.136425804520292,-3.24563690873233,1.1092111042120378
breadth_sma50,20,2025-05-28,2.9142861409037284,-1.9336411786319359,4.847927319535664
breadth_sma50,20,2025-06-26,-0.3001493580878126,-0.7139517797581558,0.4138024216703432
breadth_sma50,20,2025-07-25,0.4622038176095004,-0.08116303989543402,0.5433668575049344
breadth_sma50,20,2025-08-22,-2.274918230698024,-3.7041726212032056,1.429254390505182
breadth_sma50,20,2025-09-22,1.782178707424024,0.1748432559648183,1.6073354514592058
breadth_sma50,20,2025-10-20,1.044154439014485,-2.378378713765232,3.4225331527797165
breadth_sma50,20,2025-11-17,-3.761033941434022,1.6172194484998885,-5.378253389933911
breadth_sma50,20,2025-12-16,-0.46552268671275304,2.9437606819464612,-3.409283368659214
breadth_sma50,20,2026-01-15,10.882846613301526,-1.6844428741836337,12.567289487485162
breadth_sma50,20,2026-02-13,2.143007413883509,0.4820648118385747,1.6609426020449347
breadth_sma50,20,2026-03-16,-6.521645760464452,-1.244735779008621,-5.276909981455831
breadth_sma50,20,2026-04-14,1.725746265198221,-5.218183225598027,6.943929490796248
breadth_sma50,20,2026-05-12,3.0275583023789743,1.0966530260319018,1.9309052763470724
breadth_sma50,20,2026-06-10,-2.413053697819138,-1.7783721555659253,-0.6346815422532126
breadth_sma50,20,2026-07-10,-1.6126977639578821,-2.62271479219629,1.010017028238408
breadth_sma50,20,2026-08-07,0.4706412994246974,-1.6837526554376165,2.154393954862314
breadth_sma50,60,2024-09-06,-8.514935574302822,1.6467262955340993,-10.161661869836921
breadth_sma50,60,2024-12-02,3.2608961139736734,-2.395250993545857,5.656147107519531
breadth_sma50,60,2025-03-03,-2.248563632727681,1.328713231131029,-3.57727686385871
breadth_sma50,60,2025-05-28,2.9536608796458808,-3.5112336921542844,6.464894571800165
breadth_sma50,60,2025-08-22,-3.626203558639207,-4.706811429142599,1.0806078705033917
breadth_sma50,60,2025-11-17,7.397051731073804,1.3591424573739705,6.037909273699834
breadth_sma50,60,2026-02-13,-7.666561455830119,-2.0852330197155933,-5.581328436114526
breadth_sma50,60,2026-05-12,0.8664335581601327,-0.7733746624074851,1.6398082205676179
breadth_sma50,120,2024-09-06,-5.545089680520196,-2.3598930705838406,-3.1851966099363547
breadth_sma50,120,2025-03-03,-8.292038999548657,5.136244051491304,-13.42828305103996
breadth_sma50,120,2025-08-22,-3.999582823331852,0.5162738860134224,-4.515856709345274
breadth_sma50,120,2026-02-13,-13.269612053467018,-3.843251387675465,-9.426360665791552
