predictor,horizon,n_sectors,ic_mean,ic_median,ic_std,pct_days_positive,n_days,overlap_adjusted_t,effective_independent_n,min_detectable_ic,first_half_ic,first_half_t,second_half_ic,second_half_t,sign_held_both_halves,start_date,end_date,generated_at,p_value,family_size,survives_bh_fdr,n_nominally_significant,expected_false_positives_at_alpha
momentum_20d,5,12,-0.01469541169337196,-0.01818181818181818,0.42100372330085095,48.4748201438849,6950,-1.3013772813394293,1390.0,0.03161815818629568,-0.01371307800805662,-0.8308543514789176,-0.015732367896533886,-1.0255247977249617,True,1993-01-29,2026-09-16,2026-09-16T18:11:11.735628+00:00,0.19334515656250084,16,False,1,0.8
momentum_20d,20,12,-0.014946594285223198,-0.009090909090909092,0.41398208430211714,48.7238644556597,6935,-0.6723090140736097,346.8,0.062248851528923316,-0.0031589273711412898,-0.0994138494205459,-0.02744516327404028,-0.8851513244669529,True,1993-01-29,2026-09-16,2026-09-16T18:11:15.185769+00:00,0.5018359532551069,16,False,1,0.8
momentum_20d,60,12,-0.020031263194758293,-0.02097902097902098,0.4029269668529161,47.88977519941987,6895,-0.5329341038550253,114.9,0.10524291190901303,-0.02726846571405235,-0.5180162718290778,-0.012265305350091881,-0.2285677131894813,True,1993-01-29,2026-09-16,2026-09-16T18:11:18.907757+00:00,0.5951174765908025,16,False,1,0.8
momentum_20d,120,12,0.0011255777216991544,0.006060606060606061,0.39875006509931454,50.56327724945135,6835,0.021303617608242946,57.0,0.1479381426532077,-0.015530761276210978,-0.20933850508237234,0.01932719250539214,0.25753958814753897,False,1993-01-29,2026-09-16,2026-09-16T18:11:22.161814+00:00,0.9830791852006048,16,False,1,0.8
momentum_60d,5,12,-0.005146709822074589,0.006060606060606061,0.42833907848664915,50.101302460202604,6910,-0.4466794846205923,1382.0,0.032262031272936816,-0.004192451078453291,-0.2508060797991812,-0.006142740317856766,-0.38834752302532793,True,1993-01-29,2026-09-16,2026-09-16T18:11:25.697768+00:00,0.6551765320600156,16,False,1,0.8
momentum_60d,20,12,-0.01541579176808834,-0.013986013986013986,0.4177700085976461,48.934010152284266,6895,-0.6851421934423257,344.8,0.06300037767894504,-0.02144245934245505,-0.6622017376817357,-0.009097280220274867,-0.2918538670051648,True,1993-01-29,2026-09-16,2026-09-16T18:11:29.223876+00:00,0.4937158670146614,16,False,1,0.8
momentum_60d,60,12,-0.007566656538210146,-0.01818181818181818,0.4038719244324891,48.242159008023336,6855,-0.20025734855048608,114.2,0.10579705793741263,-0.011137280590383453,-0.2079795541900595,-0.003778102034265588,-0.07093658713069495,True,1993-01-29,2026-09-16,2026-09-16T18:11:33.297465+00:00,0.8416386458816065,16,False,1,0.8
momentum_60d,120,12,0.02106864928056981,0.0303030303030303,0.4080536620119763,52.553348050036796,6795,0.38852907264268927,56.6,0.15183475868187513,-0.01401694555562507,-0.18105384408525302,0.058979569114290496,0.7859949477154992,False,1993-01-29,2026-09-16,2026-09-16T18:11:36.148704+00:00,0.6991083696185036,16,False,1,0.8
momentum_120d,5,12,0.011937332776306606,0.01818181818181818,0.4386676747807995,51.51824817518248,6850,1.0072376516096633,1370.0,0.033184354973469124,0.003035859634152244,0.1776488099957242,0.02107049170269923,1.2847889682261795,True,1993-01-29,2026-09-16,2026-09-16T18:11:38.978335+00:00,0.31399857533570286,16,False,1,0.8
momentum_120d,20,12,0.004198632010756499,0.01818181818181818,0.4210513460594234,51.6020482809071,6835,0.18434315414811808,341.8,0.0637732910909847,-0.015386032020257763,-0.4622348795985072,0.024382589088471445,0.7878789743295186,False,1993-01-29,2026-09-16,2026-09-16T18:11:41.930460+00:00,0.8538539040444972,16,False,1,0.8
momentum_120d,60,12,0.022203163527666842,0.045454545454545456,0.40084560673320174,54.231052244297274,6795,0.5894633864707723,113.2,0.10546686919722655,-0.006554529356489573,-0.11698509734539798,0.05219728157190574,1.04902263838837,False,1993-01-29,2026-09-16,2026-09-16T18:11:44.953462+00:00,0.5567355612251985,16,False,1,0.8
momentum_120d,120,12,0.055455358796116044,0.07878787878787878,0.3805240482126916,57.223459539717894,6735,1.091791196663751,56.1,0.14222042191181578,0.015478218332066697,0.20255094040514277,0.09791730009121315,1.5009008780345967,True,1993-01-29,2026-09-16,2026-09-16T18:11:47.705037+00:00,0.27967592717495704,16,False,1,0.8
momentum_252d,5,12,0.026048686577467325,0.04242424242424241,0.4499434648745106,53.125930336409645,6718,2.1220855078292007,1343.6,0.03437011475165255,0.021220759911160885,1.2031733357826826,0.030813783083076488,1.8036166749684617,True,1993-01-29,2026-09-16,2026-09-16T18:11:50.770892+00:00,0.034013245226594234,16,False,1,0.8
momentum_252d,20,12,0.01724975804323786,0.034965034965034975,0.43741593759986164,52.946441891690284,6703,0.7219514894998285,335.1,0.0669010636082045,-0.0018578305246884073,-0.052488791690493246,0.03619272389325866,1.128451634021607,False,1993-01-29,2026-09-16,2026-09-16T18:11:53.909638+00:00,0.47082927715782286,16,False,1,0.8
momentum_252d,60,12,-0.000569424072350679,0.02727272727272728,0.4258407413887773,51.88353594476962,6663,-0.01409119727872597,111.0,0.1131477596292694,-0.030058234643191187,-0.5125423783463239,0.029016914134172105,0.5244820857773583,False,1993-01-29,2026-09-16,2026-09-16T18:11:57.068072+00:00,0.9887827490881459,16,False,1,0.8
momentum_252d,120,12,0.00998080368820942,0.01818181818181818,0.421376030568241,51.23428744510071,6603,0.1757015980301772,55.0,0.15905518583949665,-0.021060404983090027,-0.253661293453406,0.04169682124366754,0.5418300105485039,False,1993-01-29,2026-09-16,2026-09-16T18:12:00.291837+00:00,0.8611856007836861,16,False,1,0.8
